id,name,resource_type,identifier,publication_date,source,status,accessibility,country_of_study,keywords,created_time,author_team_size,source_display_name,source_id
rec050ixYbrY2Tfbn,0429ddcea024eadc99eb9294b77a664a,"""journal article""",fb53f8229fbd03f4f9f9530438ffaad0,2021-01-01,OpenAlex,published,open access,"""Bangladesh,Cambodia,Cameroon,China,Cote d'Ivoire,Democratic Republic of the Congo,Egypt,Ethiopia,Ghana,Guinea,India,Indonesia,Jordan,Kenya,Lao People's Democratic Republic,Liberia,Malaysia,Myanmar,Nepal,Republic of the Congo,Rwanda,Senegal,Sierra Leone,Tanzania,Thailand,Uganda,Vietnam""","""""",2023-06-20T22:35:40Z,40,e3ea129caaaaf7c32b3d58b087c49dbb,c7044060e1ae040809feeb6f6c2bad3c
rec0IRDxyEiYbcpxU,bb25fc32962acdf0ab59ecfc42de4caa,"""journal article,editorial""",d6f9f457a2f06e063ac5a1793d382f0a,2015-01-01,OpenAlex,published,open access,"""Non-specific""","""""",2023-06-20T22:36:54Z,1,7ec7fb9ac37f43261a43418d20b79cc5,d409a223844ce86f86a0dfb26225ced4
rec0PdNiruuqUY8rA,a778a4382b9caafea6700c177fbd55ad,"""journal article""",8a115be70f55f85cfdb3abc116d26ab3,2016-01-01,OpenAlex,published,NA,"""Guatemala""","""""",2023-06-20T22:35:09Z,11,90f04e51665b16315a09553972f1e268,1f3473303abe4d4222e6267248a64094
rec0Rg2l6Z8CrNXs4,e0ca5aa9dc1db67b2fae216f39b34417,"""journal article""",22dfd93846c11ea5e332e4bb1b4c0d6a,2020-01-01,OpenAlex,published,open access,"""India""","""""",2023-06-20T22:37:25Z,17,b6d242951c770f3179a9383e54de8c37,64f177e865140e4af68855f6f0d91514
rec0W70QEciFAkdMp,4e5ab0c46025718b0d731c991ce39eb8,"""journal article""",a331b5e53c3a8e38dfd6ba56508509c3,2012-01-01,OpenAlex,published,NA,"""United States""","""""",2023-06-20T22:34:17Z,14,91ca51cc035f96d0fe33df8aa5ed64e6,e0acc4fd34ff18d5719a5ad7dbd97a9b
rec0gmYUEWjGwW5Dt,2e4305427ac5e2000a730a6a05d2494c,"""journal article""",c3a2d6896947847f28b933c10f8fc15a,2012-01-01,OpenAlex,published,NA,"""China""","""""",2023-06-20T22:36:22Z,3,d60e1768c633fbe52b1563f477b3c439,8ff65438c29810ae68f8b73977b53d3f
rec0ipcGFIX9dkn2v,3be67664d5109ec10bbfda549cf04dfd,"""journal article""",357390c1546dca35fc1a58535dea42f6,2018-01-01,OpenAlex,published,open access,"""Non-specific""","""""",2023-06-20T22:35:17Z,2,cedc3eb2487855154caf8c928f5d08fd,ba46efe39082345b005f333f068c2cec
rec0teKEElwG1dVtn,95ada1dabe9a30bb4325e9222da3a796,"""journal article""",6356b9aa3072c75cdd693fe38980e839,2014-01-01,OpenAlex,published,open access,"""Honduras""","""""",2023-06-20T22:36:31Z,3,88c80f0332f5a793cc5b594c3c15fe32,78485c7069a7864f1fc6bc7be53e20dc
rec1BTGr7qTak5CMS,07d77f4d98c7103de2c342b4c2a30d9c,"""journal article""",554f154b245bbccd306609e894fa473a,2022-01-01,OpenAlex,published,open access,"""Bangladesh""","""""",2023-06-20T22:36:39Z,8,25abe1501c7eb4b1028c8b75d904d5fa,ce1a78153f4ec9ad210ea2cd6a0990cb
rec1NIvb8sVsx1PuU,cc538e03941c53384d5f22592ea03dbf,"""journal article""",25e93ddacc0fadc987e2af03b99fa14a,2013-01-01,OpenAlex,published,open access,"""Philippines""","""""",2023-06-20T22:35:29Z,14,4f14ace3b4e001cf4f133142b81c618f,999a1f22c227c5885244eb93226e05e6
rec1NM2BS1xJvEfKH,f54771953f36a2596b08b7e642303891,"""journal article""",c86568769a701df58aaffee3e448a95c,2015-01-01,OpenAlex,published,open access,"""Non-specific""","""""",2023-06-20T22:35:09Z,7,03837e5981582ec437c101f002599641,c8f6ff3f134b7dfa2557323af6d5516a
rec1VukubNhtuRaum,265701123de83822c1cb85298f2420ea,"""journal article""",ce7191c53c042a13eddd94b3cbc419e1,2018-01-01,OpenAlex,published,open access,"""South Africa""","""""",2023-06-20T22:35:24Z,6,7e654126d58971044d8e091502dab93a,a3a25e80a135b08a057af4e23432d65a
rec1WJdXFLeKmMI09,457b5641a3bfca21d4cf80cdd2c48159,"""journal article""",9743eb342c37856749eb425dfa951740,2019-01-01,OpenAlex,published,NA,"""South Africa,Angola,Burundi,Cameroon,Republic of the Congo,Cote d'Ivoire,Ethiopia,Ghana,Kenya,Malawi,Mozambique,Nigeria,Uganda,Central African Republic,Democratic Republic of the Congo,Sudan,Tanzania,Zambia,Zimbabwe""","""""",2023-06-20T22:37:22Z,3,4e5924fe44cfec7520e7d02c5cb82686,5a98ab0273461d20a229ec2d4125765f
rec1e9L0D4bQwsM8I,1ad316f19e0112009e1f49bb8d608e79,"""journal article""",59a34354469163ac06fa5db96117f896,2017-01-01,OpenAlex,published,NA,"""Australia""","""""",2023-06-20T22:36:54Z,5,c09ee5a9aa1a7df55e0cbd937d3ac216,832f7bd327c685aeabc095736bb53c3c
rec21l7JcAMAcAXkf,057046159f93534118c4984b520c9c8d,"""journal article""",b00e061c85484a395cfbb2475c46f804,2011-01-01,OpenAlex,published,NA,"""United States""","""""",2023-06-20T22:34:42Z,5,1519627e5646371f62b665b55f41ca40,6b2fcb4b0006df99a2328be70e89bf4b
rec26VrIo06ZTnPXg,9517c9a745238f93ff3f07051566f669,"""journal article""",2a051a40a5db12a3c5ac332b0f9e05ed,2019-01-01,OpenAlex,published,open access,"""Guinea""","""""",2023-06-20T22:35:42Z,11,7e654126d58971044d8e091502dab93a,a3a25e80a135b08a057af4e23432d65a
rec2Ka548hvZoDDJy,ca83e9243a1511dab8aae455ab60fc29,"""journal article""",93cf26b9f9576692e9e9f1b3557862e4,2015-01-01,OpenAlex,published,NA,"""Australia""","""""",2023-06-20T22:35:55Z,5,d9664afca8c1dbc7fc98ef4086a00b4c,5d20e82bbaf649f5c839610c3f454c9b
rec2ZdWiR2NWMGDKF,5dd4c627117191bb645cc3d2e304fba3,"""journal article""",8d9069b4e55e5e1dba97b711eed82989,2020-01-01,OpenAlex,published,NA,"""Canada""","""""",2023-06-20T22:36:06Z,4,dcd8f83060129275a8775d445a0f8320,2af59a90208ae2d35640ed5c69bb3928
rec2aItUFdJbIP25p,491348cb10c03deeedd6de9d5c110d9f,"""journal article""",07a58c46938bf2b1cd7793e8f9eb9ad2,2012-01-01,OpenAlex,published,open access,"""Non-specific""","""""",2023-06-20T22:35:11Z,5,90f04e51665b16315a09553972f1e268,1f3473303abe4d4222e6267248a64094
rec2vkI7tCuskK4jf,ae030fbbada8da082cf6db81f3a79516,"""journal article""",bd551900c642f91d3c46779971410d54,2017-01-01,OpenAlex,published,open access,"""Non-specific""","""""",2023-06-20T22:34:28Z,9,36d1a6653165b8dc5571c71d55d7898d,fb8b594a7c9c38152a5a0145dd6091f3
rec36ePHqeNvDFkeU,7514c8502bd498752420c340d41950ff,"""journal article""",54058a2f0323ef8b44b9dcde447968f9,2020-01-01,OpenAlex,published,open access,"""Australia""","""""",2023-06-20T22:35:04Z,9,668508b7e35bc8977e35c722c3a9cf74,66067bc7615a4ace80e74d5e07d17968
rec37bd31hiee3dHV,baa56885b16613b756596fe3289f2bde,"""journal article""",31383d3fb6d099992bd42a38a2ee4708,2019-01-01,OpenAlex,published,NA,"""Non-specific""","""""",2023-06-20T22:36:06Z,5,a96e8b307aefa4efb6512941cd4ac7b3,f34deacf469e26b99f28ff0cce9fc5dc
rec3DCE9nk4vZcxma,6619954ac5b5a2c4728ebeb946c0010f,"""journal article""",5311ed9931c4b83cc19bc5b5860d9cb2,2018-01-01,OpenAlex,published,NA,"""China""","""""",2023-06-20T22:34:36Z,12,48d398df674b8da608120e611140c769,b691b7757ee270a69e8e2af5152516a0
rec3ToaCBTKM2Y979,1bdabf42c687f9c881238c237be93678,"""journal article""",5bde7171f32b210392083bccf6b2443b,2015-01-01,OpenAlex,published,open access,"""Bangladesh""","""""",2023-06-20T22:34:44Z,25,4bfd83588026891c18dcaa0942cf5446,85c02b948df37ec3a5f45e5a5721bc56
rec3UkZHrON7iC3wi,a24b8c4c94ce7e7837111eb82cb4d653,"""journal article""",70f8c4be199873cceec431590611c096,2013-01-01,OpenAlex,published,open access,"""Cameroon,Democratic Republic of the Congo,Kenya,Nigeria,Guatemala,Mexico,Bangladesh""","""""",2023-06-20T22:34:15Z,34,4e2100db04b673021d2a5ddcf0e48844,48ee2dac29ecf28d70e0ef2fee4942e4
rec40sN8OLPi4aJ6I,4bb6b94305ed81bbc52d0d04772c6993,"""journal article""",8303ab480e87fea0d11eccb12b426528,2019-01-01,OpenAlex,published,open access,"""Bangladesh""","""""",2023-06-20T22:36:46Z,9,082c73169bf0e4b0f1f8d62ddcbeb40e,08c7245665261d8d21d573b6cc468971
rec44DDDpbH7Rddoq,50976da50beab65f3f30bc7f118f597c,"""journal article""",ce51b54bf999d31faebfc92c1b493dcf,2018-01-01,OpenAlex,published,open access,"""Bangladesh""","""""",2023-06-20T22:35:34Z,7,082c73169bf0e4b0f1f8d62ddcbeb40e,08c7245665261d8d21d573b6cc468971
rec459tcbk5axcy1h,9eea67b54a0fc82eb9cc893a24ffc7ab,"""journal article""",5ddc4dfdc4ee5a928fe1233c898b9681,2014-01-01,OpenAlex,published,open access,"""Non-specific""","""""",2023-06-20T22:35:36Z,4,46e22e9bd4919ecc8cd215582426e6f6,611aaba1215f6964028214bbb221f9ff
rec4EibayKvxvBFVH,bfa5a710985fc0099cefbd46a5e4c195,"""journal article""",b5923ccd9e6ae4307035b33650d90282,2015-01-01,OpenAlex,published,open access,"""China,United States""","""""",2023-07-31T00:19:06Z,20,90f04e51665b16315a09553972f1e268,1f3473303abe4d4222e6267248a64094
rec4ZM3bqOkC6RW0P,881ecbe5686213d962f0a1241e3c0256,"""journal article,review""",2f4595e9b3765f9548ca75ca6b017582,2012-01-01,OpenAlex,published,NA,"""Australia""","""""",2023-06-20T22:35:31Z,7,09ce792d1af2c3c0efd5de00ea99ced0,99b839859b2e0cda8dd9a93521927d15
rec4cTOzgaYspi1Sx,7c07a3068519aadae707dc1b8df99b3d,"""journal article""",c5ba7c24260b54fc950530016c58a37d,2021-01-01,OpenAlex,published,open access,"""Democratic Republic of the Congo,Republic of the Congo""","""""",2023-06-20T22:35:40Z,38,4f14ace3b4e001cf4f133142b81c618f,999a1f22c227c5885244eb93226e05e6
rec4suTaxZxCwZ9U0,aa45473929bfbca8d4cbdbb41e288b67,"""journal article,review""",9f1f62e0ac9bd69d3efb5d0149dd9777,2019-01-01,OpenAlex,published,open access,"""Non-specific""","""""",2023-06-20T22:34:41Z,3,bea70001252393072db069ae5238a86c,5bed36341c2bf5505c8ce174aae811c2
rec4vfgWL2j80BFu7,60d938e720afb3206be3012f3bd2fc6b,"""journal article""",beb4bbe33083434eaf785627a44f8aa3,2015-01-01,OpenAlex,published,open access,"""Non-specific""","""""",2023-06-20T22:34:16Z,11,9a74a40d1f41d6b72f506b3e13b49719,9cd977bb59ce849f4621dd831d39c3b6
rec5AYzrcXYaHyuNS,6110a237252a5435b827fa27143ff1f8,"""journal article""",eabb763f0f64bf79debb42ef60456d67,2015-01-01,OpenAlex,published,open access,"""Republic of South Sudan,Sierra Leone,Kenya,Bangladesh""","""""",2023-06-20T22:35:04Z,8,09b23ef9049a4817a561686aed68025e,8ab1d115969451139a6938efe46b7786
rec5BwbAwYHzNYUiU,cb5b926071a1f7d9cddcb061ec045d9a,"""journal article""",e9baf9b508c5285e6d1ba1bb427ea88a,2011-01-01,OpenAlex,published,NA,"""United States""","""""",2023-06-20T22:36:23Z,4,a572450a3a3cdb4af1c8179498d59b17,4ac0bf37d4b3cc4d5d4ca6c1090731bc
rec5Mrel8tLMxT5ln,4e621a7ca6d00ff76dfad81bf8268efc,"""journal article""",d809a0fcf06c7c27ac823d34fb0759c7,2014-01-01,OpenAlex,published,open access,"""Non-specific""","""""",2023-06-20T22:34:36Z,14,90f04e51665b16315a09553972f1e268,1f3473303abe4d4222e6267248a64094
rec5k3MteAtDwl1Hw,b45295051e66748d6907b7082a4dfc19,"""journal article""",c72a1a800b86260fcd035d4c8739cafb,2020-01-01,OpenAlex,published,open access,"""China""","""""",2023-06-20T22:34:18Z,15,4bfd83588026891c18dcaa0942cf5446,85c02b948df37ec3a5f45e5a5721bc56
rec5tfVXmwloI1Rb1,da28fc79f4a6ce31854ea8c213025e7d,"""journal article""",a7294616ebe031ef9dfd6d42286a19ae,2014-01-01,OpenAlex,published,open access,"""Australia""","""""",2023-06-20T22:35:47Z,3,90f04e51665b16315a09553972f1e268,1f3473303abe4d4222e6267248a64094
rec61ubUY4HuZrsmS,ff1adc150fa7584f1102fbde58f47e06,"""journal article""",d499f151b7552128424f8402eea601f1,2020-01-01,OpenAlex,published,NA,"""Non-specific""","""""",2023-06-20T22:36:28Z,5,abc19d90bd9534e2b5044fad49eadd36,afbf18c450a1f553dc4796b25c7b45f4
rec63LIuaBK95wMxv,d4d03ad75751ccd4b5e0c7f25414a565,"""journal article""",f0d0f33743be56573d3cb36ab8f6f4ef,2022-01-01,OpenAlex,published,NA,"""Brazil""","""""",2023-06-20T22:36:20Z,6,533df2601a8a998ea01ecb1202e293c8,b33fd76c7bde9329ef0029cdddf72c81
rec6Rrb3Ct9ONzOQn,90a3a664c59a79616f031171b38252fd,"""journal article""",4f7dfeb02e255fb042a79a923c4d8f9c,2017-01-01,OpenAlex,published,open access,"""Australia""","""""",2023-06-20T22:35:29Z,7,5c4b747e88501e0a40886f9e9e3400dd,f7aa655e2dbde6ac15524894e6f2f376
rec6k2QK7UXhPLp5v,b07c97e01f4fc4fa7ac051913431a1af,"""journal article""",988cfa80f59b8a4129fce78553248a1e,2022-01-01,OpenAlex,published,open access,"""United Kingdom""","""""",2023-06-20T22:37:38Z,7,4f14ace3b4e001cf4f133142b81c618f,999a1f22c227c5885244eb93226e05e6
rec6vz4E1uYVEdG7O,45bba966ee9e120e64b08a4badb748b8,"""journal article""",d2cadb693ea21df02e57c5c2e3c865b7,2019-01-01,OpenAlex,published,open access,"""South Africa""","""""",2023-06-20T22:35:30Z,12,b92c376e29d7d4bc84843b72e83542ce,1281ee29588a22cbe23965566fbc2c26
rec77Kh3K4WEXtwq8,82947426f38e342f75d77989d34b5e30,"""review,journal article""",283dfe16b3667fd7ff82e2047ec585bf,2016-01-01,OpenAlex,published,NA,"""Australia""","""""",2024-05-03T21:28:24Z,1,4c6484115c7c72334cb872b673435912,a3d35513180984c5a750b51d98fd1360
rec7E1GX4Ux9Doe7X,21ccb693b6152f0e6afac5819e2874fc,"""journal article""",97e9f32d3788e5e315ce01cabe11ab15,2015-01-01,OpenAlex,published,open access,"""Malaysia""","""""",2023-06-20T22:35:32Z,12,0bfcd368c81e8e379a9436bc9504ee89,a2229ddf215bf186ebce40c0cfe28de0
rec7Uq1lyWXvEGXxh,d995c9be55c770a36130733b88214436,"""perspective,journal article""",b1757dce9ae237e4ac8321f9cb85aa98,2022-01-01,OpenAlex,published,open access,"""Non-specific""","""""",2024-05-03T21:24:06Z,24,4b60d3fc2c01e68463df9d6049433baf,dc59939e2f176231ac8c1670c3091d27
rec7V0tx8XWAWgvtF,e61e60ecef7a6bef2be48c41e8e13eb3,"""journal article""",ddac885b840b1be49de17b4de0d17f79,2017-01-01,OpenAlex,published,NA,"""Australia""","""""",2023-06-20T22:35:59Z,7,dfd252e2c35218efa4915483ac22403e,28daba56f39720a7d1f2bb75a5af00ee
rec7YgUtN55pBDm45,40e0275f97fa665b4e46ac678bf2b8de,"""journal article""",32369b70a735d9b370907cbc39f25aac,2015-01-01,OpenAlex,published,NA,"""Bolivia""","""""",2023-06-20T22:35:56Z,49,f1a7b4aa3da72f30a828c5dd7216865d,055c6d0210786bb101ad426f590d4ea4
rec7ZMUslmLtuq4AU,80335bf6eb3f071aa2830870eb0ff541,"""journal article""",d8dd18d7acdf1812571a8fa6234998f8,2011-01-01,OpenAlex,published,open access,"""Malaysia""","""""",2023-06-20T22:35:50Z,5,4f14ace3b4e001cf4f133142b81c618f,999a1f22c227c5885244eb93226e05e6
rec7bqQOX9QkrFnm3,cfd3984de146e40569af7b4f0c2be0be,"""journal article""",516c1022f2d8e9b0251b6b4d23448022,2013-01-01,OpenAlex,published,open access,"""United States""","""""",2023-07-31T00:19:06Z,3,90f04e51665b16315a09553972f1e268,1f3473303abe4d4222e6267248a64094
rec7pugC2HlEeNpBw,b74f494f09d0264f963760b45ef1d5a8,"""journal article""",15ed044f34fff870d160376bb238158d,2021-01-01,OpenAlex,published,open access,"""Bangladesh""","""""",2023-06-20T22:36:01Z,16,b963ffeecd8f04358a969599385f969d,1e8f6e37ee92e2fa60beb815df743809
rec7qJbYJ4lMksNFJ,56c1e7495e2136c36cd946c7d7c92936,"""journal article""",3d4d53f8354208aaea6f265477a13a48,2012-01-01,OpenAlex,published,NA,"""Norway""","""""",2023-06-20T22:35:10Z,4,dfd252e2c35218efa4915483ac22403e,28daba56f39720a7d1f2bb75a5af00ee
rec7sYEvSQret3AUT,a16fd94c5f4141c78f31305054000eca,"""journal article""",84ffc51932c9a29f675f88a1938bd720,2019-01-01,OpenAlex,published,NA,"""Argentina""","""""",2023-06-20T22:35:53Z,5,6689ad6ab2194e4cb8e2358def8e1702,a557918668ee6e3200e5e4dd4c791893
rec7xVsR5m4Ybzlp8,866432d449d07da8626439ff09882292,"""journal article""",63aaf075ed2f0babee7063d38c3205c4,2016-01-01,OpenAlex,published,NA,"""Non-specific""","""""",2023-06-20T22:34:48Z,5,fa270a5afce4335d24d7f68f016546d0,cafb1eeeca1d5e568e041964db90494a
rec80vFcQfaASOv1T,e1269460e9c46d91640afd369a217aa5,"""journal article""",df1c67b7d3534945b35560a607172ab5,2020-01-01,OpenAlex,published,open access,"""Republic of the Congo""","""""",2023-06-20T22:36:57Z,10,a26f2f5f81898a40749ef488daadcf8c,04f6f51f1e6b6d7154618a2808f47c1d
rec8BmPjkxYfUpIIS,1c8200d3fad41a34cd93260498930bd7,"""journal article""",72bfd422beb7a9bfa31204a257e7cb4f,2022-01-01,OpenAlex,published,open access,"""Non-specific""","""""",2023-06-20T22:34:21Z,9,3c954a36744c73ffb1892dd099970e9b,0970e57f58f1c542da32bb77ad501db7
rec8Mr3kFIX6fnXZV,3b9f96b26b3e07fc2f767546b6600624,"""journal article""",4a2167770ea879d1209db4296f10f4b0,2021-01-01,OpenAlex,published,open access,"""Non-specific""","""""",2023-06-20T22:34:58Z,11,9a74a40d1f41d6b72f506b3e13b49719,9cd977bb59ce849f4621dd831d39c3b6
rec8PoiFc4tNk6dre,1975b14b470f8c01350fd3a22d2fdc16,"""journal article""",3bdadbfc2ea469dc9781a93628ba7e35,2021-01-01,OpenAlex,published,open access,"""Bangladesh""","""""",2023-06-20T22:37:29Z,7,b92c376e29d7d4bc84843b72e83542ce,1281ee29588a22cbe23965566fbc2c26
rec8VnryeTr5p9ef2,305daeccfb64e39b31ba47a2a851bde1,"""journal article""",1d7ee98c10b8564d98f3c2f2555f5b52,2013-01-01,OpenAlex,published,open access,"""Non-specific""","""""",2023-06-20T22:34:59Z,7,0bfcd368c81e8e379a9436bc9504ee89,a2229ddf215bf186ebce40c0cfe28de0
rec8aQeCtspCEZyG4,68ce26da702f8c2352cef902fa8b04ac,"""journal article""",e2a8d34acfc337d32145ec9b9aeb8da6,2021-01-01,OpenAlex,published,NA,"""Philippines""","""""",2023-06-20T22:37:29Z,2,09665817d341aa5dfba5faed887dd47b,7306e088c4f48550c46917755c48b907
rec8gEWMCEO0y7ZMI,efe05a9718c5431edc2bc7415135b126,"""journal article""",97ca97cf08ae5ab2174436539da4904f,2022-01-01,OpenAlex,published,open access,"""Bangladesh""","""AMR""",2023-06-20T22:35:54Z,13,46d0c0568b79b5a0b10b3f46dcb391f3,d649ea7303869279dee53e4100b65747
rec8kD1AY8NTNK3mj,f37eb1fa262e4db73df0b64290733ce6,"""journal article""",9a64a5ca55ce77e5a9e6a4ffa6680bef,2016-01-01,OpenAlex,published,NA,"""Bangladesh""","""""",2023-06-20T22:36:04Z,9,90f04e51665b16315a09553972f1e268,1f3473303abe4d4222e6267248a64094
rec8vjz9zGLzD4Tlu,8a0f3ce79d07b883aa9b606e85a50e91,"""journal article""",a79431f5ba6277768b1b437a0a36c73c,2015-01-01,OpenAlex,published,NA,"""Non-specific""","""""",2023-06-20T22:36:40Z,4,58b3f15e5229e16c4285cffc5cc632c1,1670034d18e6fd477aef748887b34d57
rec8ycpgGJsuIpyHn,7ebc211fca9f217e78752267ac951800,"""journal article""",a38a37e4e43e103a79e6517d3103b9f3,2020-01-01,OpenAlex,published,open access,"""China""","""""",2023-06-20T22:36:48Z,6,64935d7606ee3be25896c57e1a08f305,bb34d5a463bc0cd5873894c1f2d42417
rec8zqx1qBG74W2C9,eaebd6335e13430aa5e8260472bf6d08,"""journal article""",d90dcc64a95f5562950033b6634c6de8,2013-01-01,OpenAlex,published,open access,"""Australia""","""""",2023-06-20T22:35:00Z,16,4f14ace3b4e001cf4f133142b81c618f,999a1f22c227c5885244eb93226e05e6
rec94MxYZ5KWjrLin,ad085e773498e396f29345103a14f827,"""journal article""",789784eef9f9427fbe9a6d9ccf9ccf0e,2018-01-01,OpenAlex,published,open access,"""Democratic Republic of the Congo""","""""",2023-06-20T22:35:33Z,11,c7ce65dafd8cab64f215b9255b92ea00,062ff87ed9023afef4c10741cbad29de
rec95dD5QqPOYz4eM,cd439b5aa753403120f4c16ca9a03782,"""journal article""",a05611cbf8590b3fb405ac1e580bcfab,2016-01-01,OpenAlex,published,NA,"""Bangladesh""","""""",2023-06-20T22:35:01Z,10,90f04e51665b16315a09553972f1e268,1f3473303abe4d4222e6267248a64094
rec96eRrLOYu5p4Xg,766fe7739e5aafe80b33f06a906b6b9a,"""journal article""",b120a395b143aa258ffb817ba0224a37,2018-01-01,OpenAlex,published,open access,"""China""","""""",2023-06-20T22:36:11Z,12,4f14ace3b4e001cf4f133142b81c618f,999a1f22c227c5885244eb93226e05e6
rec9H3PEI5sQakKQn,7319faca54c8591627153246dc4aecd0,"""journal article""",2c2ac79f31caf90ed8f31a24fbc1cdb9,2017-01-01,OpenAlex,published,NA,"""Non-specific""","""""",2023-06-20T22:35:06Z,18,2df0839c1be63aa1537a5ab45bd0b5a1,8ed574bbeed193c31c461cf2377cb66c
rec9KnHuPgBSAc7St,113fbc1c89e4f94ce4c123bc20c9405e,"""journal article""",c35aeff8953f9d9d8a4a05844f2a2c62,2012-01-01,OpenAlex,published,NA,"""Mauritius""","""""",2023-06-20T22:37:03Z,5,5dac6ac779a35de5d25dc89b989f66c4,189c1c0e59dca56ccb7ab2df5432d4af
rec9Q73Zj87uAJQN0,5b7cd80f6c1478f87223a0eba3e73691,"""journal article""",7e4b83033e5884fc345ea6a8044cf313,2021-01-01,OpenAlex,published,open access,"""Non-specific""","""""",2023-06-20T22:36:08Z,12,9a74a40d1f41d6b72f506b3e13b49719,9cd977bb59ce849f4621dd831d39c3b6
rec9SJxVl0DeqQ1ac,5bd6125b2fa0b46afdec81f0d2b52f59,"""journal article,review""",1e69bde320c3852d6483e814db3d6b21,2021-01-01,OpenAlex,published,open access,"""Non-specific""","""""",2023-06-20T22:35:49Z,8,5c4b747e88501e0a40886f9e9e3400dd,f7aa655e2dbde6ac15524894e6f2f376
rec9U7BnOpCLOXNwj,38af1b9a24f0d0129576f98d260e96db,"""journal article""",ac10f09db4ed33abba158360203088f9,2016-01-01,OpenAlex,published,open access,"""Non-specific""","""""",2023-06-20T22:36:24Z,2,876888846b8c8ab451c9a5fec888643d,883af1f730859e42dbbf6d515392ebc5
rec9UwOPvlij6lsOg,28ab9b9900bd525a80d11a85077dd35b,"""journal article""",002b3e6e9fe8179c042eb7ad4148f1e6,2014-01-01,OpenAlex,published,NA,"""United Kingdom""","""""",2023-06-20T22:36:22Z,8,90f04e51665b16315a09553972f1e268,1f3473303abe4d4222e6267248a64094
rec9XbOmBsuyEXt0z,14d182996f438db5313b017f1cb5f1ef,"""journal article""",e145467092e588e5821a8bdf2489e55e,2021-01-01,OpenAlex,published,open access,"""Non-specific""","""""",2023-06-20T22:34:49Z,15,343707fe38e402327ff978cba525c8cd,36d6737baf92a6b8b9527b938da773f7
rec9t021I3PwH04VO,fbce20eba76ebe6919a4d0c8943cb497,"""journal article""",3db5c931b03c9cb001fde3daf2f4e49c,2014-01-01,OpenAlex,published,open access,"""Bangladesh""","""""",2023-06-20T22:34:54Z,17,5c4b747e88501e0a40886f9e9e3400dd,f7aa655e2dbde6ac15524894e6f2f376
rec9weLOPDvwEVmJN,aeed9714f5ee01ac1f79c2eaf5fac575,"""journal article""",f909f287f7059272681789389894504f,2019-01-01,OpenAlex,published,NA,"""Bangladesh""","""""",2023-06-20T22:34:36Z,17,a0736c63fd921deccacda04d410405cd,07cdbf87106fc92d543bb6835ed87b90
recA0mNfZKmV8xpSV,20ca7e772f89f0ee8a5b20b0cac77436,"""journal article""",e604ae899642d68a73025b81b54b9d84,2015-01-01,OpenAlex,published,open access,"""United States""","""""",2023-06-20T22:35:04Z,14,343707fe38e402327ff978cba525c8cd,36d6737baf92a6b8b9527b938da773f7
recA0oy6S2y0QA83A,f7c9b641b64438ea155a27c4146e1924,"""journal article""",435195137ec90c2d5b8e2d961ea7fa82,2020-01-01,OpenAlex,published,open access,"""Malaysia""","""""",2023-06-20T22:34:52Z,13,90f04e51665b16315a09553972f1e268,1f3473303abe4d4222e6267248a64094
recA9X1YEPo1YhfS7,4361ab9c20d8f4dbd46d3100a1f2878c,"""journal article""",752caf0798e9d043fdccf81b4f07edae,2018-01-01,OpenAlex,published,NA,"""Honduras""","""""",2023-06-20T22:36:56Z,7,23c85eef3273391316845c498e889bc8,46e099ab2f7e7d041ede823739774c92
recAA6onp4m3u640H,7248c5c5dcf09dc690023b74234a90b9,"""journal article""",7e1d56010cffb05b6590e5da8c3a3eb0,2019-01-01,OpenAlex,published,open access,"""Liberia""","""""",2023-06-20T22:36:35Z,4,03837e5981582ec437c101f002599641,c8f6ff3f134b7dfa2557323af6d5516a
recAJWzy2fuWsG6gZ,1a4ccac0b122dad71f5def2b0eab7353,"""journal article""",3cc4c6cd0adc724c4ff405f98f05e705,2014-01-01,OpenAlex,published,open access,"""Bangladesh""","""""",2023-06-20T22:34:48Z,11,1695300bec435fb944d7885e0e36263c,045a1485d181e37dfe31f567768c0f12
recAN6so9mhP033Q6,e72cf058ce19c0097fe59f6bc15db9f6,"""journal article""",16e0eedfbc64f564354a4e914a8dd93a,2015-01-01,OpenAlex,published,open access,"""Australia""","""""",2023-06-20T22:34:55Z,7,4f14ace3b4e001cf4f133142b81c618f,999a1f22c227c5885244eb93226e05e6
recARu4znhzORjawz,412d62b209573c09b4406c689da7d91f,"""journal article""",5069f6d9fc7bf1cf70375febe1e734e9,2012-01-01,OpenAlex,published,open access,"""Non-specific""","""""",2023-06-20T22:34:25Z,19,4f14ace3b4e001cf4f133142b81c618f,999a1f22c227c5885244eb93226e05e6
recB1oo9KMjJluUYC,4d66b446f6c3a99f23c8a99a8a7e538e,"""journal article""",a18b4c9bf836a91bdd2a2d765293801a,2022-01-01,OpenAlex,published,NA,"""Bangladesh""","""""",2023-06-20T22:37:01Z,12,15f5991fe437fd37856cd1f5e2fcfa69,ec176b0bad795c1adf80c07a275adaec
recB49pMtYBRozRQp,8fc8e33ef39ba20cdd96de93b33e5b5f,"""journal article""",359a6dea8ec70eac0278e359924b2712,2020-01-01,OpenAlex,published,open access,"""Non-specific""","""""",2023-06-20T22:34:41Z,4,4bfd83588026891c18dcaa0942cf5446,85c02b948df37ec3a5f45e5a5721bc56
recBGWxKETv3PE1Cu,e6f1aa0ac8a48476b994b1e2c463313e,"""journal article""",af67933694a14dde46a70e2060b0f8d9,2018-01-01,OpenAlex,published,open access,"""Non-specific""","""""",2023-06-20T22:35:09Z,17,392a2067588430b908acdcfa01006f0c,757823b3fa475c0a6b163f1e974e82fe
recBJZxo5AFmEr6Or,106b5d0686e31bec8be986d0de274c9a,"""journal article""",18326edcf78940a3eab1e9ea288a5973,2014-01-01,OpenAlex,published,open access,"""Cameroon""","""""",2023-06-20T22:34:24Z,15,4bfd83588026891c18dcaa0942cf5446,85c02b948df37ec3a5f45e5a5721bc56
recBhgOqgAML4nVOB,5081ea09adccb207cd4a493b46e07bb9,"""journal article""",f3db06b30502cc79286a742bb90da8f9,2016-01-01,OpenAlex,published,open access,"""Non-specific""","""""",2023-06-20T22:35:32Z,5,d5866731e29fad9defc83c517701096d,006b7971626504d3228a039b941f0cdb
recBnSYBLnYNStDm4,59d92626c04622b3592d14255ed677f6,"""journal article""",7d01a15c3a960584a73d26b8b43b1dc9,2014-01-01,OpenAlex,published,open access,"""Saudi Arabia""","""""",2023-06-20T22:34:13Z,15,343707fe38e402327ff978cba525c8cd,36d6737baf92a6b8b9527b938da773f7
recBobJufSyqfnFLh,48144781f11e086a5e76325d777f2fc7,"""journal article""",810ec3991d92edf83b87c19cc8f2ab3b,2021-01-01,OpenAlex,published,open access,"""Bangladesh""","""AMR""",2023-06-20T22:35:43Z,12,029d23da1bf8e7ef644162a630142cbf,89ac0bb42163d9a46513712a0a10ad5e
recC9u8LfoZ7WZJJk,e9e950c7778817da6532a59a5840000d,"""journal article""",7af86d146b91f679230c9f68c295dbe4,2015-01-01,OpenAlex,published,open access,"""Bangladesh""","""""",2023-06-20T22:35:50Z,8,0bfcd368c81e8e379a9436bc9504ee89,a2229ddf215bf186ebce40c0cfe28de0
recCEJeO60RktBnd7,b297aef97c44ffbb652292222f27c117,"""journal article""",e966b04194d0768362eec090712142e7,2021-01-01,NA,published,NA,"""Non-specific""","""""",2023-10-27T21:50:54Z,88,a96e8b307aefa4efb6512941cd4ac7b3,f34deacf469e26b99f28ff0cce9fc5dc
recCHKcIsXnvictaW,63db85cfb37f63d7e6c7af38b1c724b8,"""journal article""",9034dd77bda54612aa38cbd702b8925f,2021-01-01,OpenAlex,published,open access,"""Bangladesh""","""""",2023-06-20T22:36:50Z,14,90f04e51665b16315a09553972f1e268,1f3473303abe4d4222e6267248a64094
recCKTn5SuRem4d6i,56dd973ea640e18f2a4f22562cbd4d57,"""journal article""",314116744e56459b098f94a70af163fe,2018-01-01,OpenAlex,published,open access,"""United States""","""""",2023-06-20T22:35:27Z,4,4f0b576d53d5e06bec10ce79b1ab106f,2a279b991e25b3c3892aa0fa7110e9f9
recCUOHJQi745O3zN,91e49d3443808ebf059f12f9136aacf8,"""journal article""",c6b88806e1d2fae5cd57c75723b96175,2016-01-01,OpenAlex,published,NA,"""United States,Guinea,Liberia,Sierra Leone""","""""",2023-06-20T22:36:41Z,10,4141932344184327c541711b84b45655,06ddc640e835a964efae5481f7cba3b8
recChdqkTdpxbN9QH,b4afc96cb6b9ff50ec4cf869ee59aec7,"""journal article""",8c0606661a6c13572b822a24eee0caef,2020-01-01,OpenAlex,published,open access,"""Australia""","""""",2023-06-20T22:36:27Z,10,876888846b8c8ab451c9a5fec888643d,883af1f730859e42dbbf6d515392ebc5
recDQlssV2MfuzDFD,a1f279720fc28b872df3a022ae8cdc0f,"""journal article,opinion""",20cb680b588cd30620e04440a31b592a,2021-01-01,OpenAlex,published,open access,"""Non-specific""","""""",2023-07-31T00:19:06Z,33,7457aefb820b189c4a12f99dd11c8409,1d1f02d53ff4511ef82629865b908ba3
recDcaPStfOwXgZjj,1a5eeac6b1875dd6a04ce229bb63de4d,"""journal article""",a50f4f9f6bd9970d39a5d4f5f21ed637,2014-01-01,OpenAlex,published,open access,"""Non-specific""","""""",2023-06-20T22:36:03Z,5,6b8d9713155297ffce2053a20c800b95,1b4bd5cec084db3c3f5315f9572ac97f
recDdXHdF8J9RkeDX,e3324de65ca5e178b101a727a6f505fe,"""journal article""",e5d8c4a146d04f10a0c7aafaec2cbd80,2021-01-01,OpenAlex,published,open access,"""China""","""""",2023-06-20T22:35:25Z,5,2df0839c1be63aa1537a5ab45bd0b5a1,8ed574bbeed193c31c461cf2377cb66c
recDqdjliFLyBCUs6,50d3cd7ad9abbd682c4017074e55d0dc,"""journal article""",1dad559187715185c02f08a80cf3ae3e,2021-01-01,OpenAlex,published,open access,"""South Africa""","""""",2023-06-20T22:35:40Z,14,1695300bec435fb944d7885e0e36263c,045a1485d181e37dfe31f567768c0f12
recDqxazmrd1lFNQB,7146ebc66e37a80c59c5c0724cffaa6e,"""journal article""",db1701e4d4fb1f1e8eba880e7a7a1fa4,2015-01-01,OpenAlex,published,NA,"""Bangladesh""","""""",2023-06-20T22:35:51Z,20,90f04e51665b16315a09553972f1e268,1f3473303abe4d4222e6267248a64094
recDwEfrmPJmTOtif,0d5aa63ff369d7107ff26fbab8dd2b26,"""journal article""",fff68a877f8785721d305a6955a4f5bf,2021-01-01,OpenAlex,published,open access,"""Malaysia""","""""",2023-06-20T22:36:38Z,7,b49799ab18c823d62fbf746ffb36171b,8ab9bee349c62e08f2b9668f7620a2ea
recE7m8euHVFRmffL,e6d4501754144e8ec6a664ecff615fca,"""journal article""",3345c46209ea96633757618f936b350e,2013-01-01,OpenAlex,published,NA,"""China""","""""",2023-06-20T22:35:42Z,8,826ede4338ceb67016db9ad4669aedb0,f1173deac855a6503fca5531be27533e
recE8pDcoDg8HjZ42,5d1978731701cd10cbc8ca2c3b31664e,"""journal article""",25a69b5c00176611f85fb69f43b57e95,2019-01-01,OpenAlex,published,open access,"""Non-specific""","""""",2023-06-20T22:34:25Z,5,7e654126d58971044d8e091502dab93a,a3a25e80a135b08a057af4e23432d65a
recELfL23YbIklu0b,bf9cd08ab1d6cf65f392dfe62ba820af,"""journal article""",d81982195ee0f0dc05d47c6bba4dbd8f,2018-01-01,OpenAlex,published,NA,"""Non-specific""","""""",2023-06-20T22:35:30Z,2,90f04e51665b16315a09553972f1e268,1f3473303abe4d4222e6267248a64094
recENLldECWy5V5WW,3d6c57dfddcbe2489882417cff2b15f2,"""journal article""",b0add23c72310b254a97a6b24a270ab2,2015-01-01,OpenAlex,published,open access,"""Tanzania""","""""",2023-06-20T22:35:03Z,8,58813f8ea81cb36a5dfe530f2c965b0d,3f55b852f475d18b7a9814fdfa5bd194
recEWwiZO1pJCVZIx,97d05c2ae310c9da78adf9f9fe72f474,"""journal article""",f88c7bf5c63548e548131f1d4e10ec49,2020-01-01,OpenAlex,published,open access,"""China""","""""",2023-06-20T22:35:12Z,11,ad0b2ddc99faf2c8bd28159e2e440310,9cd6218e7c7f63ee61ff263bc3887d6e
recF0EjXcI9hwPYXQ,553e72af8637ba20a60eb3233d1274de,"""journal article""",dfea51731f91d7b50e9b69e290dae4a3,2022-01-01,OpenAlex,published,open access,"""Tanzania""","""""",2023-06-20T22:36:51Z,22,7ec7fb9ac37f43261a43418d20b79cc5,d409a223844ce86f86a0dfb26225ced4
recF3XcNeQrjskZ8I,25018d0c1a11096d29c6c2d18ad675db,"""journal article""",769697fd682686bddf8d46aa6bbb804d,2015-01-01,OpenAlex,published,NA,"""Puerto Rico""","""""",2023-06-20T22:35:13Z,7,dfd252e2c35218efa4915483ac22403e,28daba56f39720a7d1f2bb75a5af00ee
recFINzZR6JXEeOsy,b01c110c71ba79f0ffbab9e16982b930,"""journal article""",2f828358106ad06f5f171ad98a16db90,2021-01-01,OpenAlex,published,open access,"""China""","""""",2023-06-20T22:36:19Z,6,90f04e51665b16315a09553972f1e268,1f3473303abe4d4222e6267248a64094
recFbnK3gmZkwG9yW,56e4c5bdadfec3fe556d44386527cf1a,"""journal article""",0c92ca53c7495e06b7228c2ea9abd51c,2020-01-01,OpenAlex,published,NA,"""Australia""","""""",2023-06-20T22:36:47Z,8,c09ee5a9aa1a7df55e0cbd937d3ac216,832f7bd327c685aeabc095736bb53c3c
recFkFcrYvh0kkIHn,1df965567a08ce3f0c074f86b86c9baa,"""journal article""",42bf329e46598137a292af1a086ada8b,2022-01-01,OpenAlex,published,open access,"""Thailand""","""""",2023-06-20T22:37:37Z,23,4f517438c303cf2512f156ffbf64ceec,47343fac3ab7fb3531fc61313f901484
recFtgpP8HGeZ3efX,9a94685286f2607728daecc79237801d,"""journal article""",464134199e69dbf25570ce45f27ae202,2013-01-01,OpenAlex,published,open access,"""Australia""","""""",2023-06-20T22:35:04Z,6,4f14ace3b4e001cf4f133142b81c618f,999a1f22c227c5885244eb93226e05e6
recGBez5BiajVafeR,1dc0f3e60f250e44f921f3c492847ed8,"""journal article,review""",dd4efbb6529c664f58e1f6ecc4378432,2020-01-01,OpenAlex,published,open access,"""Non-specific""","""""",2023-06-20T22:34:17Z,5,245d1dd406da57c234ddffca81b1d12b,82c6a778575f0de71facbf0947f3fece
recGCpzjePvmlYo0D,4a35ad3d2604a13169e3a1c232bd3f48,"""journal article""",6f6e7b55fbfab8b40ea713b8b3c3a2bc,2021-01-01,OpenAlex,published,open access,"""Bangladesh""","""""",2023-06-20T22:35:05Z,6,5c4b747e88501e0a40886f9e9e3400dd,f7aa655e2dbde6ac15524894e6f2f376
recGHIAqXVj5iu4cZ,d6469bc6ee9331faa098b18a0f122866,"""journal article""",d5571d16c32aa9fae45a42bde0f5e0d8,2013-01-01,OpenAlex,published,NA,"""Brazil""","""""",2023-07-31T00:19:06Z,31,7ec7fb9ac37f43261a43418d20b79cc5,d409a223844ce86f86a0dfb26225ced4
recGLUWKAM83CE9X6,4c1f0284dae35e0c6e6669f8e2d9f86b,"""journal article""",9b2dbbcae1ad89fb640bdd33676a4839,2020-01-01,OpenAlex,published,NA,"""Austria,Bulgaria,China,Croatia,Czechia,Denmark,Estonia,Finland,Germany,Hungary,Italy,Kazakhstan,Lithuania,Poland,Romania,Russia,Slovak Republic,Slovenia,South Korea,Taiwan,Turkey,Ukraine""","""""",2023-06-20T22:36:12Z,16,4d51ef0c4dd26597136175ff42836ed9,e4279dd0f5e8ae3351a62109431a5ad8
recGeBfkusSZ1lkgf,6609d3226895cc6ca00f8c3e1aa516cc,"""journal article""",a8695353600b5c1dc89e191fee59a760,2020-01-01,OpenAlex,published,open access,"""Bangladesh""","""""",2023-06-20T22:36:37Z,5,3cb1f4c5da3754818258e58ea0c7cb9b,28eaa055db69331e0372f210545215f4
recGr2wZrCRz8mZCx,37e0332d45af6dedc9ed92ce8e25e9fd,"""journal article""",e94eb892dde586c80d4a1129b31de658,2020-01-01,OpenAlex,published,open access,"""Bangladesh""","""mark-recapture """,2023-06-20T22:34:36Z,26,4e2100db04b673021d2a5ddcf0e48844,48ee2dac29ecf28d70e0ef2fee4942e4
recGrUHzECIYwFyXV,f4456a0c06d885c6aaa37ae9a4ce5a12,"""journal article""",67a292ca6c84c764f882da6d64c73588,2022-01-01,OpenAlex,published,open access,"""Brazil""","""""",2023-06-20T22:37:30Z,8,7bb10a8f874d3aea72af80a32f73d241,2bc6b48418d8baa556d12bbce4c634ee
recGyJ6Q0eEqmiA7d,66c0e492e91e2b3fbb2ad7c4cea6ad5b,"""journal article""",734fea4d2192a9b0ede9dc2fb15268e0,2016-01-01,OpenAlex,published,NA,"""Australia""","""""",2023-06-20T22:35:45Z,9,90f04e51665b16315a09553972f1e268,1f3473303abe4d4222e6267248a64094
recH3K9Pb158U5JYe,7181f829f24ffb6c2426e23d919d3ea3,"""journal article""",0e5539974f2daa65b9c61694483f071c,2022-01-01,OpenAlex,published,open access,"""Bangladesh""","""""",2023-06-20T22:36:39Z,10,b49799ab18c823d62fbf746ffb36171b,8ab9bee349c62e08f2b9668f7620a2ea
recHDA8ExgHqj46Fv,9aaf22569c93a28d2e020a37d48bf17f,"""journal article""",1a8744da5120aca91f2511e0e9539e7d,2020-01-01,OpenAlex,published,open access,"""Bangladesh""","""""",2023-06-20T22:35:43Z,11,5c4b747e88501e0a40886f9e9e3400dd,f7aa655e2dbde6ac15524894e6f2f376
recHEWoeGzLNUpxDc,62563204d34341027a92daa25f2a6460,"""journal article""",4ceaf0b7750ab984cfe410213b7fc854,2021-01-01,OpenAlex,published,open access,"""China""","""""",2023-06-20T22:37:00Z,10,9a74a40d1f41d6b72f506b3e13b49719,9cd977bb59ce849f4621dd831d39c3b6
recHKYByebls5wk43,552516daee4175494420fefea1727a7a,"""journal article""",8135134f5146a7f82063d2127affa0c0,2020-01-01,OpenAlex,published,NA,"""China""","""""",2023-06-20T22:36:34Z,7,03c06516c1bb763a5506c4dee8d31515,163d3dff179c00ed8f3fa218a7960aad
recHMK4kN7yIUHUiq,61ad09d7b4fe6dc03152fd1a11d138c0,"""journal article""",dbf66d10e0bf228ed2ff4c4eed5251e1,2020-01-01,OpenAlex,published,open access,"""Non-specific""","""""",2023-06-20T22:34:36Z,3,8db051201219ca35c30e3d7fd8d77b49,484c14a3da96b0d49b4ecc3d64a774ea
recHTa2wQyfDmDbDT,9ce4c5be3c5f4bb8da4f279991361dac,"""journal article""",391b66c563d4648f9e310c76bd260b7f,2016-01-01,OpenAlex,published,open access,"""Non-specific""","""""",2023-06-20T22:35:00Z,2,4f14ace3b4e001cf4f133142b81c618f,999a1f22c227c5885244eb93226e05e6
recHWx3ri94vfPyJH,11b436488a9530572d26589cbf1aa6d9,"""journal article""",a06b23355633fd7be98f3d8843231f4d,2022-01-01,OpenAlex,published,NA,"""Pakistan""","""""",2023-06-20T22:37:03Z,7,245489ef2564a5a6ff024486c689df46,d1435001292f8ea856fea217b177bf8b
recHfxQDowPB2OyvH,91e24fb063e3708f143acad07191128d,"""journal article""",d482e5a9546d85837e7a3f6d8c248352,2022-01-01,OpenAlex,published,open access,"""Brazil,Malaysia""","""""",2023-06-20T22:36:21Z,21,6b8d9713155297ffce2053a20c800b95,1b4bd5cec084db3c3f5315f9572ac97f
recHlnLNElFVYSi5X,0e53e906fe8e5d988c421ce47b26efca,"""journal article""",74c23642945a364786bce7a5727c6abf,2011-01-01,OpenAlex,published,open access,"""Bangladesh""","""""",2023-06-20T22:35:07Z,5,20a32de26145bf035b90534c3d2f6d7e,b9f2cc48686025ac0456e6ac2e596342
recHr4XHkJJ0d4jeQ,ca917a351530f0814ad9b0535db1db58,"""journal article""",215f0c87e3e8c8ecf0fe58aab310fee3,2022-01-01,OpenAlex,published,NA,"""Non-specific""","""""",2023-06-20T22:37:42Z,2,d9dc5b1325903cd245a8492e218f9a69,6f90e6998a6f16cadd6db36c341b6dfd
recI41xhHjshRny8A,592ca69e0d816e6acc6359c250e64234,"""journal article""",cadfd29d3878c4a5d500b3bc32183e33,2017-01-01,OpenAlex,published,open access,"""Non-specific""","""""",2023-06-20T22:36:26Z,2,cf0926f0913f8e75b914d58eab0ea1f6,178bdc5981faa45307e0524137d63d00
recI5kFakNc8btANF,952246196f166fd6e4b486c4c06572fb,"""journal article""",b28d6540aa9eb1ba85aed83d31a89bd1,2016-01-01,OpenAlex,published,NA,"""Non-specific""","""""",2023-06-20T22:35:42Z,2,35981d78cc5646cb4545c589fe63d698,ccc055a03c912e83005845e64298cae3
recI8Qfm8t379KlJP,dd96cd575939d97a235aa2c35f199587,"""journal article""",b7057d9b3ed8f47d1c8a245aa7abe254,2021-01-01,OpenAlex,published,open access,"""Non-specific""","""""",2023-06-20T22:34:50Z,11,0fd2eec501ad3bab3d9b9e262650f5c4,e958ab255735eee5e11e7f8a76ae7c54
recIIvRWDwjAHEGwT,218eee80181580ea4fd49cfd8e0b8cf8,"""journal article""",3f13c43d2855204bc47665c986db8f9f,2011-01-01,OpenAlex,published,open access,"""Non-specific""","""""",2023-06-20T22:35:44Z,7,90f04e51665b16315a09553972f1e268,1f3473303abe4d4222e6267248a64094
recIN4YY3xXVVOqRg,ca1f394275d9f29058d1d7cdfe52678f,"""journal article""",ec0fb149db4f60220af73ebd10bbfb2a,2017-01-01,OpenAlex,published,NA,"""Macedonia,Serbia,Slovenia,Lithuania,Slovak Republic,Latvia,Poland,Germany,Austria,Hungary,Denmark,United Kingdom,Sweden,Czechia,Romania,Turkey,Switzerland,France,Belgium,Netherlands,Italy""","""""",2023-06-20T22:35:39Z,23,26a41e546799540203a2a67577410a78,c3c56ea981e4def3ad6516f8b04bffe4
recIYySMHslhEtCRw,7a8f78584a6999e81650a82f173e5966,"""journal article""",c1f3267fefaa161021f806bd1610b10e,2021-01-01,OpenAlex,published,open access,"""Bangladesh""","""AMR""",2023-06-20T22:35:21Z,15,46d0c0568b79b5a0b10b3f46dcb391f3,d649ea7303869279dee53e4100b65747
recJ1H9H2CldtFo9o,22b5b5fca62c3c3f73e70b513a4d60ea,"""journal article,review""",94910748823a10a83a6b21a9f8202b62,2015-01-01,OpenAlex,published,open access,"""Non-specific""","""""",2023-06-20T22:34:27Z,7,1ef74dd8b40617ad142a2f316c52adef,0c690d1b309ad1fb5d6a45fe9444d170
recJCLwkf88zOKj7q,83d15d56bd80767bd121df5b1f2b0e6a,"""journal article""",700032e20047f404f3ded805ca8c78a4,2015-01-01,OpenAlex,published,open access,"""Thailand""","""""",2023-06-20T22:34:40Z,19,04960f387f07640717d97efbe6c3f0c0,71eafe5e677752aca3e5791da60b4152
recJDMA4xHmZ01M2b,36f22850132511dd1dcba185ecbd266e,"""journal article""",189ad82b0f5b562edf6bfac05fcef203,2011-01-01,OpenAlex,published,open access,"""Australia,Malaysia,Papua New Guinea""","""""",2023-06-20T22:35:08Z,8,4f14ace3b4e001cf4f133142b81c618f,999a1f22c227c5885244eb93226e05e6
recJHLplh3w6TQajS,4b0f4652740da008c1786d8d69c7b92a,"""journal article""",a7d7b04c786725cc2a3a5c383f6271bb,2013-01-01,OpenAlex,published,open access,"""Non-specific""","""""",2023-06-20T22:34:12Z,34,4f14ace3b4e001cf4f133142b81c618f,999a1f22c227c5885244eb93226e05e6
recJO1l2ptyXar29g,0abf8871de8d26d3a877d5e0476362dc,"""journal article""",6d6aea00b0d73936de567fe8e50ba032,2017-01-01,OpenAlex,published,NA,"""United States""","""""",2023-06-20T22:35:59Z,2,32a7b141599d1c284fd56e8ca00b466b,04e9da40468b184cb068091597424e15
recJYZdLULwsHhaWI,5656cd7a73725ae2a46db81a4b2a5cd3,"""journal article""",2e4f9a997edf01c1866bf55da5d4109b,2021-01-01,OpenAlex,published,NA,"""China""","""""",2023-06-20T22:35:46Z,16,48d398df674b8da608120e611140c769,b691b7757ee270a69e8e2af5152516a0
recJngYY8qZ98p6aC,8e48bb8233ce6880e09dd2ad2ed6d714,"""journal article""",c46baf9de72c83d8615f8b664a7e8aa3,2017-01-01,OpenAlex,published,open access,"""Bangladesh""","""""",2023-06-20T22:35:19Z,9,5c4b747e88501e0a40886f9e9e3400dd,f7aa655e2dbde6ac15524894e6f2f376
recK8r18w45xP4dDb,834acb728599e0f1c5dc3dd7eaf2b497,"""journal article""",e89826ee681365fd8e0116784b56bf1f,2019-01-01,OpenAlex,published,open access,"""Non-specific""","""AMR""",2023-06-20T22:34:24Z,2,90f04e51665b16315a09553972f1e268,1f3473303abe4d4222e6267248a64094
recKBE4fX8UTU8dub,4b2ddd114c9b0d475a5a45953a40a67e,"""journal article""",5d4bc0b685ed9208294663fa653c2966,2022-01-01,OpenAlex,published,open access,"""United States""","""""",2023-06-20T22:37:31Z,5,90f04e51665b16315a09553972f1e268,1f3473303abe4d4222e6267248a64094
recKUYiupgu3NjABf,20527866c0f8b2b495c4c8c1cf66c7a4,"""journal article""",06658fc525efe6aa0ed4454a768a6f49,2012-01-01,OpenAlex,published,open access,"""Non-specific""","""""",2023-06-20T22:35:19Z,11,ee14a8c4e6b405928ede21c4df27d7a8,718623ab67174efc11fe57768cbc6838
recKscuzZbnjlXZCW,a0c1372655fce11b784a236f4ebf4da0,"""journal article""",568ea09a931920081d8f6042de0b8a78,2018-01-01,OpenAlex,published,open access,"""Malaysia""","""""",2023-06-20T22:36:34Z,11,25abe1501c7eb4b1028c8b75d904d5fa,ce1a78153f4ec9ad210ea2cd6a0990cb
recLDtfhaG3tmEeuc,b4bbb84c11b9cb82655a65dfeac58f79,"""journal article""",12459fc8dcbddd7d06c35af19f63ba9b,2020-01-01,OpenAlex,published,open access,"""Indonesia""","""""",2023-06-20T22:35:37Z,18,985bf29a1bc3020fbb2fe40200ae33dd,0f2d83c0c8ce4db54c519f42b5a7af02
recLLn8Ma2Sc86uQa,c85916ededbb44a3e1f0bc6fe630e524,"""journal article""",92021620a0fa5296e5f3e1d6bfad4be1,2022-01-01,OpenAlex,published,NA,"""Thailand""","""""",2023-06-20T22:37:03Z,9,90f04e51665b16315a09553972f1e268,1f3473303abe4d4222e6267248a64094
recLUrXip4BnqyK6I,822526af932f23aa9dacb34cc93a44b6,"""journal article""",342d16c2a5563406b653d89ed2eab836,2021-01-01,OpenAlex,published,open access,"""Bhutan""","""""",2023-06-20T22:36:49Z,18,fcb5fe50ae1690ad35ad31fa24a2799f,804a5a6c090e11ee32e09ab0f17b9977
recM3Gx1YMq0KH4jC,5e740de133f9e34475eccc137c415143,"""journal article""",45a10784186a1c9f9068f346d7c9e12d,2021-01-01,OpenAlex,published,NA,"""Republic of the Congo""","""""",2023-06-20T22:36:50Z,19,98ba83c7ca0654a6b0b9f20af9a08b27,53547864965ca521d0cc702f623b35aa
recMLfsWKXOEiBgwW,a572e0753bcba42985053628e700db58,"""journal article""",66d8a2a88acee4d59d0b12d11d0f78b5,2021-01-01,OpenAlex,published,NA,"""Non-specific""","""""",2023-06-20T22:35:49Z,4,cf0926f0913f8e75b914d58eab0ea1f6,178bdc5981faa45307e0524137d63d00
recMR7EJGaLJGN4Ct,2d1a6b3336d0747fb318260e10ac36d0,"""journal article""",0cfaa0e46399231b219e69fce253b760,2016-01-01,OpenAlex,published,open access,"""Bangladesh""","""""",2023-06-20T22:35:01Z,16,4f14ace3b4e001cf4f133142b81c618f,999a1f22c227c5885244eb93226e05e6
recMcm5piQyFZBy5q,7e2683a6f6064a2c9dfc561de878dd90,"""journal article""",6b633f3fe0e7de6627af7b43e6d7d8bd,2022-01-01,OpenAlex,published,open access,"""Non-specific""","""""",2023-06-20T22:36:54Z,65,215e9a5bee4121d6a7d230458cea96dc,fb3b1b5a080ab29089a5aecbae85d558
recMni9DLeto3O1Q7,9c7675959ffc6f84bc41eaf10eafd4b5,"""journal article""",e264b049bb271eeb80b82e746d7f433e,2015-01-01,OpenAlex,published,open access,"""Bangladesh""","""""",2023-06-20T22:35:29Z,13,d9664afca8c1dbc7fc98ef4086a00b4c,5d20e82bbaf649f5c839610c3f454c9b
recMq15f3SFGS47eR,90cb00773330004fc3e7cdebfae8a997,"""journal article""",f3cc1cc4c5875425d7946e50bcfc8483,2012-01-01,OpenAlex,published,NA,"""Non-specific""","""""",2023-06-20T22:34:41Z,27,58429c09b02dbdc5804a395515e3c814,52d81eb7a34dd0c4696e880f245fdef4
recN2pTY4pKxIxR4I,ccea8e25c8c96485ae7f14920dd9dd0a,"""journal article""",70447d21d60840e3f2e7fe6794f80997,2020-01-01,OpenAlex,published,open access,"""Non-specific""","""""",2023-06-20T22:34:25Z,31,c146cabbff2e1441c2295351d3ee7401,17569a08a33f8e91b62f6b4720473857
recNUPmHC6WPLiSf8,f2a85b76a3e6bd128d1cd7ec1f94afbf,"""journal article""",5c94774d31d5dd7c303830fe88bc6736,2015-01-01,OpenAlex,published,open access,"""Australia""","""""",2023-06-20T22:34:54Z,6,4f14ace3b4e001cf4f133142b81c618f,999a1f22c227c5885244eb93226e05e6
recNWKpndCzKzEjH1,6eb385b3b7ad2e8caadef732bf0b5e8f,"""journal article""",add70ffedf5bc1465c43d0dc79bad4e4,2013-01-01,OpenAlex,published,open access,"""Non-specific""","""""",2023-06-20T22:35:31Z,5,4f14ace3b4e001cf4f133142b81c618f,999a1f22c227c5885244eb93226e05e6
recO00n6wlqEP6l46,c3d630cea651f99043c5eed744e0b946,"""journal article""",0cab86501319d4a8ae2adf41b9335725,2021-01-01,OpenAlex,published,open access,"""Malaysia""","""""",2023-06-20T22:36:30Z,8,04960f387f07640717d97efbe6c3f0c0,71eafe5e677752aca3e5791da60b4152
recO0CENeDQLedTH4,a142dcd6d945a873a5c09476fa2a46c6,"""journal article""",74cac0734eb1040852a25b29983c516b,2015-01-01,OpenAlex,published,open access,"""Australia""","""""",2023-06-20T22:36:54Z,3,7e654126d58971044d8e091502dab93a,a3a25e80a135b08a057af4e23432d65a
recO3bGbBze2VzzXh,56326eca3476e42c33d70a39f6b1344b,"""journal article""",97f2756389774e96902faebd899a9288,2021-01-01,OpenAlex,published,open access,"""Bangladesh""","""AMR""",2023-06-20T22:36:14Z,7,4f14ace3b4e001cf4f133142b81c618f,999a1f22c227c5885244eb93226e05e6
recO3d1KbmMDowXjK,52f709c434f9cd032d8892995986fb69,"""journal article""",c0cd7128a8a33a73b03337943ca2a4b8,2018-01-01,OpenAlex,published,open access,"""Non-specific""","""""",2023-06-20T22:35:18Z,7,6fdbf2919c6bf81831ba940b478c64ad,694d8a7d7592f83308f2bf1e8f17facd
recO7St6aj4PrIitH,418ad4b3f8c3278dea5358e0e87c0813,"""journal article""",f4579aafe33a59e6e3a989ef20733874,2020-01-01,OpenAlex,published,open access,"""Bangladesh""","""""",2023-06-20T22:36:01Z,7,40a83ad6391bbc429a7b9aa2110ee5dc,17bdbf8780aadda35054af69a58f444c
recO9mOeGGaCM6vnE,bd553e886e1d3f801272ee1b64b39e7e,"""journal article""",4a82a7bae1cc449c4d1caa0328a2900c,2022-01-01,OpenAlex,published,open access,"""Non-specific""","""""",2023-06-20T22:36:19Z,5,5f5ca93e2467a87e6ba56d523958a42c,8d7149b478659031116a12512cde7f3a
recOF5yqInsIVzJGD,0e8c9b48a6194a8cc3b99b222b5f75ba,"""journal article""",1c8c69aa533e87b8402be68494b15648,2014-01-01,OpenAlex,published,open access,"""China""","""""",2023-06-20T22:34:38Z,7,4f14ace3b4e001cf4f133142b81c618f,999a1f22c227c5885244eb93226e05e6
recOH8eruNAWz8AZt,27c411f2437eb7cd8bbb9632fa397185,"""journal article""",c5aef5c6435972f172fd82efe84b6c5d,2022-01-01,OpenAlex,published,open access,"""Bangladesh""","""""",2023-06-20T22:36:54Z,8,4f14ace3b4e001cf4f133142b81c618f,999a1f22c227c5885244eb93226e05e6
recOP7QYYSNGzF2vZ,821e3138e80d77280894038bd5672b9f,"""journal article""",436ea79b6c64672e23809ca7c37ec0da,2021-01-01,OpenAlex,published,open access,"""Bangladesh""","""""",2023-06-20T22:35:49Z,18,46d0c0568b79b5a0b10b3f46dcb391f3,d649ea7303869279dee53e4100b65747
recOPvGqqOPX4cuVo,47f06e75180f73049983fabd7ac19acf,"""journal article""",e2113e39ce3dd6f732173632368ab84b,2017-01-01,OpenAlex,published,open access,"""Non-specific""","""""",2023-06-20T22:34:11Z,9,4bfd83588026891c18dcaa0942cf5446,85c02b948df37ec3a5f45e5a5721bc56
recOmhhVJ3AO5jvIC,151d506542cd78ffd56343fbbe880451,"""journal article""",aa1fed5a61310fcadd37944bd869dbce,2020-01-01,OpenAlex,published,open access,"""Non-specific""","""AMR""",2023-07-31T00:19:06Z,16,2b210d7d89fcd1573be1f3f3dfe04d44,8e25e2afae5b4488c7c64c96c327cce0
recOn6ESPHLLPNlzK,bffb7413adb02d14407a17e93f651b24,"""journal article""",3a5f1e554408915bb66cecd358db673a,2014-01-01,OpenAlex,published,open access,"""Non-specific""","""""",2023-06-20T22:34:29Z,5,4e2100db04b673021d2a5ddcf0e48844,48ee2dac29ecf28d70e0ef2fee4942e4
recOoBJCYSBpHQb8h,13ef7263544ecd383539c949cb52150b,"""journal article""",860b4d94e14f3d03ba72c6b320bb580e,2019-01-01,OpenAlex,published,open access,"""Non-specific""","""""",2023-06-20T22:36:45Z,13,4b60d3fc2c01e68463df9d6049433baf,dc59939e2f176231ac8c1670c3091d27
recOocVsSZOfkbugr,4b463f6c005c3a343bde9c3e8f8210aa,"""journal article""",7fb2f4b31c92edae5cd8c9f4a3fd98f5,2015-01-01,OpenAlex,published,open access,"""Australia""","""""",2023-06-20T22:35:39Z,6,d096b80ffa93a87f6445346b670f1c64,c240828e1c35a6cc7e3bdb90d71ab383
recOyV9eie3VQlY1k,bc7f0b69388ae56acb76e59294d2a4bb,"""journal article""",4cd423902d38aff956d41a9fd7e45b15,2013-01-01,OpenAlex,published,open access,"""Australia""","""""",2023-06-20T22:35:16Z,5,4f14ace3b4e001cf4f133142b81c618f,999a1f22c227c5885244eb93226e05e6
recP42HkRtm6xqtQb,732a42f8b2e0605124bc903e5bdbc879,"""journal article""",6241b309d062d44027f3b3a0dd957f3f,2011-01-01,OpenAlex,published,open access,"""Malaysia""","""""",2023-06-20T22:34:41Z,11,d9664afca8c1dbc7fc98ef4086a00b4c,5d20e82bbaf649f5c839610c3f454c9b
recPVkEtVB4VeLE5P,af5c1b6bc40f48a96570c2a06834c845,"""journal article""",9b5ecb2a73996e572bed753196d343dd,2012-01-01,OpenAlex,published,open access,"""Mongolia""","""""",2023-06-20T22:34:55Z,17,4f14ace3b4e001cf4f133142b81c618f,999a1f22c227c5885244eb93226e05e6
recPdDnz9VrYWFA1W,1613ea176be47ce5134556aa12709f21,"""journal article,review""",381212fb8ecd29afd4c423dd242fb847,2019-01-01,OpenAlex,published,open access,"""Non-specific""","""""",2023-06-20T22:35:53Z,21,25abe1501c7eb4b1028c8b75d904d5fa,ce1a78153f4ec9ad210ea2cd6a0990cb
recPhCBGaNXDt75Dq,0661f03cc447bda4f73eb695cb6c0cbd,"""journal article""",4f45d561c3771ea5dc85dffff995da75,2020-01-01,OpenAlex,published,open access,"""Cambodia""","""""",2023-06-20T22:36:36Z,13,afb80c2731e81d44fd630cedcc9ee6f4,642fd8c8257ed4c79ccec22eaa4efb6e
recPqNQptF5HcNCs3,f1f39623a082bb3be8273ce052b4e001,"""journal article""",b7ebe4399b663fb9fe79200690dab1d4,2011-01-01,OpenAlex,published,open access,"""Bangladesh""","""""",2023-06-20T22:37:14Z,7,7cb0a09b6f2c7da50ec9646c63b86964,1b9ab4aec283b1009f27ca32d973c5b7
recPxqSJ1bksHaJrL,2b580f50cd2893a76b8b67719ff4402e,"""journal article""",8855e8a0be72b309f76f8a73461e8305,2019-01-01,OpenAlex,published,open access,"""Non-specific""","""""",2023-06-20T22:34:12Z,4,6fdbf2919c6bf81831ba940b478c64ad,694d8a7d7592f83308f2bf1e8f17facd
recQ1MfaECFAER73T,4bf377e1c26dca993728da1f08dc07cd,"""journal article""",c074181769f45992c58688b1a5f96f0e,2021-01-01,OpenAlex,published,NA,"""Eritrea""","""""",2023-06-20T22:37:27Z,4,abc19d90bd9534e2b5044fad49eadd36,afbf18c450a1f553dc4796b25c7b45f4
recQ5TnWLl5JmsoaF,a605154639658f4c6f9889a62e8983a2,"""journal article""",bff3fd12c704763cccaee64126399391,2018-01-01,OpenAlex,published,open access,"""Republic of the Congo""","""""",2023-06-20T22:34:23Z,15,4bfd83588026891c18dcaa0942cf5446,85c02b948df37ec3a5f45e5a5721bc56
recQBcxmLz8dw9GFJ,eb00adc9d878f527db3645a54539e658,"""journal article""",eb3b1f2edac4ea5c71cc147ec59445e0,2019-01-01,OpenAlex,published,NA,"""Bangladesh""","""AMR""",2023-06-20T22:35:53Z,9,90f04e51665b16315a09553972f1e268,1f3473303abe4d4222e6267248a64094
recQFdlG8wDqepi6O,8e26997c655ce0ec52388b4527e0a447,"""journal article""",462dcaac7e8309b4846f298a6e3f739d,2014-01-01,OpenAlex,published,open access,"""China""","""""",2023-06-20T22:35:17Z,11,b92c376e29d7d4bc84843b72e83542ce,1281ee29588a22cbe23965566fbc2c26
recQO33hjabEAdR7e,3232eb9951ac6c605b26920029a9753e,"""journal article""",51d071bc7b762f436acea6f30892db98,2020-01-01,OpenAlex,published,open access,"""Bangladesh""","""""",2023-06-20T22:36:12Z,13,8f7ad3c62452722349d5a4d138e1ac92,212b1344beec34ed287b223d749224af
recQSFDUj1cUbPJeH,d5b3cc1a400659041178886c734b14e9,"""journal article""",a6b67a86ce6f9a000eeee1a3143feca9,2013-01-01,OpenAlex,published,open access,"""Non-specific""","""""",2023-06-20T22:35:36Z,14,cb056415cefda968ba6b17fdd84d78bd,0e38fb7a9e4201ae8fd0694ba349e03a
recQqTQRruSlNwQud,79f6f8771cca685bd889cda16c0823aa,"""journal article""",34101208c51edee26667dd26ef7f98e2,2018-01-01,OpenAlex,published,open access,"""China""","""""",2023-06-20T22:35:14Z,11,0154aa9771e1ec7d0d86cc7627230577,d7d2a8eb55971ccf154ff0f3c44eed43
recRJq3IQqWlNifbL,4f7cc390ac0df07734423918df1ca355,"""journal article""",81d39f0d7988bdc0bb347a8753f0341d,2020-01-01,OpenAlex,published,open access,"""Vietnam""","""""",2023-06-20T22:34:44Z,29,4f14ace3b4e001cf4f133142b81c618f,999a1f22c227c5885244eb93226e05e6
recRKg8PdR8YPKjH3,233ea98e0249e71f579db82981046fdf,"""journal article,review""",cb323a4abbe2c7e6074c22185107a79b,2020-01-01,OpenAlex,published,open access,"""Non-specific""","""""",2023-06-20T22:34:42Z,17,e3ea129caaaaf7c32b3d58b087c49dbb,c7044060e1ae040809feeb6f6c2bad3c
recRNawMhSzGD8rx4,c0c936d09afda4990c8dcf88f5b73a0b,"""journal article""",6cd3e040ba5e5b8a271e57dc856142ec,2020-01-01,OpenAlex,published,NA,"""Bangladesh""","""""",2023-06-20T22:35:48Z,11,7c0b658fdf3130a2eac770b5e4650601,28414ac2e02543e99511bd816800c8f0
recRRuLX8WhiZc0mB,9d3cd1205046869ae3828f7bf5f253e7,"""journal article""",b36d97d7728e37de545248db72e81c89,2014-01-01,OpenAlex,published,NA,"""United States""","""""",2023-06-20T22:35:25Z,18,b998b7b5223b2415cc777a5d6bbc827f,df49d63eab842f28f9a314d3523bbc52
recRTQYhbipDuLGd9,369045630f63e0c5bcbbbe4fec3f2e27,"""journal article""",5008d0c2133363db98847c1c7d5a8e4e,2018-01-01,OpenAlex,published,open access,"""Bangladesh""","""""",2023-06-20T22:36:27Z,6,379c5f4cd08b98307f20d1bba0054072,05a46cb90026a7e5b89ab34d88b962ce
recRnbKcuN9r5AUhL,a7a02795fe390b3dcdfcad12dee690dc,"""journal article""",b60408fae594c2906dce56bbd5ebfc45,2020-01-01,OpenAlex,published,NA,"""Australia""","""""",2023-06-20T22:36:18Z,12,36d1a6653165b8dc5571c71d55d7898d,fb8b594a7c9c38152a5a0145dd6091f3
recRy3D8PH0CebcjV,cd6edf1f84e517f743f82384a6b5c8af,"""journal article""",c1cf95517452a1bbf6330f91134f970f,2021-01-01,OpenAlex,published,open access,"""Uganda""","""""",2023-06-20T22:35:34Z,33,07eb4ef1e25ed910a0104a0b6cd8be94,db12508fa9d4a163dd3cc6b6318c22cb
recS0DUePs9vLEmBl,ce31164c0014c7992886b3af49469dc1,"""comment,journal article""",cabf1c3bd51cbf33cfb43556e0d62aad,2020-01-01,OpenAlex,published,open access,"""United Kingdom""","""""",2024-05-03T21:32:51Z,10,586b50345ca6efb771ade13659094551,9b5150406d5cb43b74717be68ff0a94e
recS35GfMOuFVnNhw,5e2795eefbea37a0cd3838134e764664,"""journal article""",484d1f20eac5a827d4fcfc0e4e0a8e73,2015-01-01,OpenAlex,published,open access,"""Philippines""","""""",2023-06-20T22:34:39Z,21,04960f387f07640717d97efbe6c3f0c0,71eafe5e677752aca3e5791da60b4152
recSCZm4LWz55Z1ic,60965f9da717039bd626d551c09275f3,"""journal article""",15c0517bb767256469814f016c3a915a,2021-01-01,OpenAlex,published,open access,"""Non-specific""","""""",2023-06-20T22:36:29Z,9,7a38f2bdad085106b991264d7b4f3e4b,cf74547ead9ca0911026d0e2e1e39ade
recSOsVGsOY2WLYAY,1b00afa07492dd53871a435cf87d1096,"""journal article,review""",a94f66d36ed47a380fa73690a0434e5c,2015-01-01,OpenAlex,published,NA,"""Non-specific""","""""",2023-06-20T22:34:24Z,18,1d813d2ddf4b4a842b9881084e39990e,a8c3821d3871abcdc84f2af59712f5fa
recSVmFZ0VifZOUYd,aa615cce702f98d8be624774c2894b65,"""journal article""",7f8981e83b078a7dd9bf3649b7d7a2b7,2020-01-01,OpenAlex,published,open access,"""Non-specific""","""""",2023-06-20T22:35:08Z,18,f4435e8897bfccd97b940fdb519add2b,3fee430c76012108653fea53b24e5276
recSdmNjtRWQBTGbT,9756a3c320388bf182645928a2f0a02a,"""journal article""",3c35f86c5b4d93e7cbe2d0f8461f2f32,2020-01-01,OpenAlex,published,open access,"""Non-specific""","""""",2023-06-20T22:35:06Z,7,2df0839c1be63aa1537a5ab45bd0b5a1,8ed574bbeed193c31c461cf2377cb66c
recSgQNoPe37DS8oK,d4576856842bf6a6d0c56b7fb05b7064,"""journal article""",da276ab1c1eb0f4f063bb0c45e8442dc,2020-01-01,OpenAlex,published,open access,"""Bangladesh""","""""",2023-06-20T22:36:07Z,9,029d23da1bf8e7ef644162a630142cbf,89ac0bb42163d9a46513712a0a10ad5e
recT9UkKxTroUtvnH,557eed44d3603dc1ecf514923a158898,"""journal article""",2decb9da8989d893be828bec8b659e97,2012-01-01,OpenAlex,published,open access,"""Non-specific""","""""",2023-06-20T22:34:22Z,19,7457aefb820b189c4a12f99dd11c8409,1d1f02d53ff4511ef82629865b908ba3
recTEDwd384lxtauJ,f0f77c0432abb28f57521021c4098317,"""journal article""",a9edeab649ca1e3e95103a82b7174c73,2019-01-01,OpenAlex,published,NA,"""Australia""","""""",2023-06-20T22:36:27Z,8,dfd252e2c35218efa4915483ac22403e,28daba56f39720a7d1f2bb75a5af00ee
recTNJt9U9MQIha1J,c34f45b99478e1ea1d10dff54fe31039,"""journal article""",82dd8f24703bf5410e722dec052c0cba,2017-01-01,OpenAlex,published,open access,"""Non-specific""","""""",2023-06-20T22:34:45Z,5,7e654126d58971044d8e091502dab93a,a3a25e80a135b08a057af4e23432d65a
recTexmVE69xG5BBw,f95df304b37458a81bcf209a4e045454,"""journal article""",650642523704a6c4621e14f5016647e3,2013-01-01,OpenAlex,published,NA,"""Non-specific""","""""",2023-06-20T22:36:40Z,7,35981d78cc5646cb4545c589fe63d698,ccc055a03c912e83005845e64298cae3
recU9G5vA7hnkiRTx,016978c3c2993feaa57ca8a9be80cd67,"""journal article""",be96a65d95bcb021ca3c55c1f14c07b7,2015-01-01,OpenAlex,published,open access,"""Non-specific""","""""",2023-06-20T22:34:52Z,5,48d398df674b8da608120e611140c769,b691b7757ee270a69e8e2af5152516a0
recUByHgoJV8CrRtj,dc74938aafe69b9eb14d7c014fcda6e3,"""journal article,perspective""",515b36f0b42614687a0fc92dc1e1cab2,2020-01-01,OpenAlex,published,NA,"""Non-specific""","""""",2023-08-09T17:30:30Z,4,343707fe38e402327ff978cba525c8cd,36d6737baf92a6b8b9527b938da773f7
recUGaYC7N5BT0upN,43d5deedaee0d61e258554c524b01782,"""journal article""",6ff2a2f51bb80f5eadceea9d5a34304c,2022-01-01,OpenAlex,published,open access,"""Bangladesh""","""""",2023-06-20T22:37:48Z,10,321fa950cbd17b4dfab11fb7069fbdf1,ce5c88e04ec45a0ff6a3fb6dd51a56ec
recULilv6cAFLkGZM,d2d4f6eef07f08916d04a6fc268762ac,"""journal article""",9ac80a119ad83fa5c7ba8eb9fa4e9ad3,2015-01-01,OpenAlex,published,open access,"""Bangladesh""","""""",2023-06-20T22:36:24Z,10,64935d7606ee3be25896c57e1a08f305,bb34d5a463bc0cd5873894c1f2d42417
recUP4iH68oXao3bc,80f2739e1438036a2f4c90763712efc5,"""journal article""",b6f6f2ea1c7666f8ce389b0b7784f80f,2020-01-01,OpenAlex,published,open access,"""Tanzania""","""""",2023-06-20T22:36:13Z,14,e3ea129caaaaf7c32b3d58b087c49dbb,c7044060e1ae040809feeb6f6c2bad3c
recUevm6PSeiWMFY6,8a0884c81754fb2a81d6aae662230bc2,"""journal article,review""",3770849dae8d70452ee55008995ae85b,2015-01-01,OpenAlex,published,open access,"""Non-specific""","""""",2023-06-20T22:34:13Z,22,681801212296116b8e0598666236576d,1580ef204ba42aae2fa8e8f1d24e648d
recUjNhx8xVpkc2Mb,830fbce766f00dce32ddcea1473e6ca7,"""journal article""",22a9d2c64effe6a658698e2d9a20031e,2019-01-01,OpenAlex,published,open access,"""Bangladesh""","""""",2023-06-20T22:35:22Z,10,b885052bed539043997ad71722baef37,15512f455a4a3838231d01a188e0f39c
recUxG8ITkZdGmarr,6cc227616342f745d7271bb6a982f5a5,"""journal article""",942e902c3976059e87f6329e6b9064d5,2014-01-01,OpenAlex,published,NA,"""Bangladesh""","""""",2023-06-20T22:34:48Z,7,ac3c046bf28364918de46c10bffaf80d,77c9efc8341dabe86eaf77de1f6e169b
recVBH5Ja4mNUP3MH,c83b95fb36c6feb609df674b865f38b1,"""journal article""",086542bfb84eb5d032fc8a47069376b1,2020-01-01,OpenAlex,published,open access,"""Bangladesh""","""""",2023-06-20T22:36:35Z,18,831babf7b8d989e9d97c3dee7a4d5f58,5a08cb77a97fc41a159384cfb3c61454
recVCqIo6NhjHgE5V,f6a69a7e08cbf43b7b3c68e134552600,"""journal article""",5b4cbb7b6f839c5df564be09e0b1e51d,2021-01-01,OpenAlex,published,open access,"""Non-specific""","""""",2023-06-20T22:36:08Z,21,03837e5981582ec437c101f002599641,c8f6ff3f134b7dfa2557323af6d5516a
recVGcfB1pfiCWbsL,1210ed2cb76765cf10ccd24b0cd9d3a8,"""journal article""",ab4ddf8e6424ae7da83fd48fff0c43fa,2019-01-01,OpenAlex,published,open access,"""Bangladesh""","""""",2023-06-20T22:36:46Z,10,e1ed8ae7a442de9aae0e1423463fb7cf,5b2b5c81c021a1bc035909f8c5ac9a70
recVbW7WeKGWAtqm0,bef9bba712e021c92a2e14037e320728,"""journal article""",3fd02566dc859a34689fed4356a95f8a,2012-01-01,OpenAlex,published,open access,"""United States""","""""",2023-06-20T22:34:22Z,15,343707fe38e402327ff978cba525c8cd,36d6737baf92a6b8b9527b938da773f7
recVgzKxfLE7IvzMg,36ccf9e0a73cfa772e84e1cf29a0816b,"""journal article""",c878af4bf969e1f1f9e979a0dad6b6c8,2017-01-01,OpenAlex,published,open access,"""Bangladesh""","""""",2023-06-20T22:36:11Z,6,379c5f4cd08b98307f20d1bba0054072,05a46cb90026a7e5b89ab34d88b962ce
recVpUT6IKUwwv0M3,6a4231ee20d4210039cf2d5b86874651,"""journal article""",fcbb6b2babde7507c8b2102145f34ab8,2012-01-01,OpenAlex,published,open access,"""Mauritania,Senegal,Mali,Niger,Chad,Nigeria,Burkina Faso,Ethiopia,Kenya,Malawi,Zambia,Zimbabwe,Botswana,Mozambique,South Africa""","""""",2023-06-20T22:34:36Z,23,681801212296116b8e0598666236576d,1580ef204ba42aae2fa8e8f1d24e648d
recVyi5fhPoczBu5u,2bd4f674a412f78ffd1fb36b6393ed32,"""journal article""",5dedaedafffe4ebf172156c990a11759,2017-01-01,OpenAlex,published,open access,"""United States""","""""",2023-06-20T22:36:05Z,7,fc380109df469ac2733c6f3393093397,e841ec07da78d4e551f44866ecdba59d
recW2Y9pCA0bsfQAe,7f55e3c61e5794c71f0fb6c221c46010,"""journal article""",64aaf14dc4b8381934665f44b5354674,2013-01-01,OpenAlex,published,NA,"""Bangladesh""","""""",2023-06-20T22:35:35Z,11,90f04e51665b16315a09553972f1e268,1f3473303abe4d4222e6267248a64094
recWH3SmKgelnj9M5,ec503c60ce9ac0590c559a2f0dc49210,"""journal article""",bb3f8fbdf6f723192d51c4772d7cb72c,2015-01-01,OpenAlex,published,NA,"""United States""","""""",2023-06-20T22:34:45Z,4,68f9ae0bfee4a80bca41bc34f7130153,deb043d1d49bbb1bc2d5f403f3c0df28
recWJn98ncjUuFp2J,d1855189a40d79ec798c46793132eaa6,"""journal article""",789564a246051308792d1bf6560270a0,2021-01-01,OpenAlex,published,open access,"""Non-specific""","""""",2023-06-20T22:36:09Z,9,4f14ace3b4e001cf4f133142b81c618f,999a1f22c227c5885244eb93226e05e6
recWLEas8gKPJorJu,1e77d9991f84fca574d1a7dcf50fecf0,"""journal article""",8802a52dd508adbdda5ed3d20a69b028,2015-01-01,OpenAlex,published,NA,"""Australia""","""""",2023-06-20T22:34:53Z,13,d096b80ffa93a87f6445346b670f1c64,c240828e1c35a6cc7e3bdb90d71ab383
recWLVjTTwQhP7gwe,e359b54d7d9343990809c4404e98fe66,"""journal article""",9b5c13dbad9731af151ab6a380855f63,2019-01-01,OpenAlex,published,NA,"""Eritrea""","""""",2023-06-20T22:36:17Z,4,abc19d90bd9534e2b5044fad49eadd36,afbf18c450a1f553dc4796b25c7b45f4
recWPO7YC08tZXUnr,51809327e5b55272a461843344345f75,"""journal article""",d6bc53667cab627f72f05ce2c1bd45ec,2016-01-01,OpenAlex,published,open access,"""Non-specific""","""""",2023-06-20T22:36:10Z,5,7697da26aa6770f3e4eb476d1fb14faf,ddd05c8832114abe218970a4b2157d6e
recWVSRbabAVsp0ea,9731e7124a174ba4f3421cc6c9ca33c2,"""journal article""",e986b61eb3e3d8466bc4685500d0914f,2013-01-01,OpenAlex,published,open access,"""United States""","""""",2023-06-20T22:35:23Z,12,4f14ace3b4e001cf4f133142b81c618f,999a1f22c227c5885244eb93226e05e6
recWaL4VCNGzbfvwZ,60714656e55edf8305ebd1edf8655dc4,"""journal article""",91706c1997f3ce9aaa5b9cd36ccb5654,2013-01-01,OpenAlex,published,open access,"""China""","""""",2023-06-20T22:34:10Z,20,3c954a36744c73ffb1892dd099970e9b,0970e57f58f1c542da32bb77ad501db7
recWfGqVnHRkzzJK8,3b9873336f3dbbcec4ae8655681b7288,"""journal article""",240dcf43da90ddad9df7aeb25248e515,2020-01-01,OpenAlex,published,open access,"""South Africa""","""""",2023-06-20T22:36:35Z,12,4f14ace3b4e001cf4f133142b81c618f,999a1f22c227c5885244eb93226e05e6
recWrMywDS4B0DCk9,0d9d95152cb8a81b8d877d60cbad2cb6,"""journal article""",61b71fd9e6ca400314c792008fd972b9,2012-01-01,OpenAlex,published,open access,"""Non-specific""","""""",2023-06-20T22:34:57Z,9,d94e9385b26f7cf6b4ddc51f54081856,118aa3caf584e8acf2bc7fe66e950aed
recXAUmDZUQnCG2mU,6bc06efeccd37701895bcd03dff6e0cf,"""journal article""",c39a10c808df7d87a12eaff80d4dd3d9,2015-01-01,OpenAlex,published,open access,"""Mexico""","""""",2023-06-20T22:36:03Z,7,19e4c31b78b68968c0c7b2dcc53f34e9,619ded86eb687e60c63066e275651b2c
recXGMh7PSWHNS9DY,59fd6d53567c7f741ee896894b44d426,"""journal article""",85ed06e5c3ad5b77d9a9ea9665252045,2016-01-01,OpenAlex,published,open access,"""Bangladesh""","""""",2023-06-20T22:35:56Z,9,379c5f4cd08b98307f20d1bba0054072,05a46cb90026a7e5b89ab34d88b962ce
recXMgLTPQG2fjups,3679dbd4c34995ab54c9dc3dbc43d23f,"""journal article""",da3002d9713f36e976dd599397946378,2014-01-01,OpenAlex,published,open access,"""China""","""""",2023-06-20T22:35:03Z,10,d096b80ffa93a87f6445346b670f1c64,c240828e1c35a6cc7e3bdb90d71ab383
recXqa5JUGKeU5uOp,96d9bc656aeb5bb78179b1624aa80ac9,"""journal article""",a24706ccf9f17a992e4b1234054870c4,2019-01-01,OpenAlex,published,NA,"""Burundi,Democratic Republic of the Congo,Rwanda,Uganda,Kenya,Cameroon,Central African Republic,Gabon,Tanzania,Zambia,Republic of the Congo""","""""",2023-06-20T22:35:48Z,15,a58c132a9c95bcaa26d87723dd3f0530,718fd6bf961700771df986b33e24c618
recXzL3rvtTFrqacF,79b75dfed836869dce37bca55aa83176,"""journal article""",65661aa0e58a353cce67ec6945ae527a,2019-01-01,OpenAlex,published,open access,"""China""","""""",2023-06-20T22:35:19Z,12,b92c376e29d7d4bc84843b72e83542ce,1281ee29588a22cbe23965566fbc2c26
recYARnVgnIPK2Fn3,46c2ff46e9b09c736ed32bf9d83ee9c6,"""journal article""",739b9210e32a7d1c706cea08c73712b9,2019-01-01,OpenAlex,published,open access,"""Thailand""","""""",2023-06-20T22:36:00Z,11,3b82e2922d14e3d88ed575eee53fa3c9,f671bc762f7e7211bfccde4fd73c65a1
recYAZL2hJbpn4oxI,23676c8abe33c00e2c12054ae7dfdcd7,"""journal article""",74b5cb653f998c852e36dbbf633d20a2,2013-01-01,OpenAlex,published,NA,"""Bangladesh""","""""",2023-06-20T22:36:15Z,16,36d1a6653165b8dc5571c71d55d7898d,fb8b594a7c9c38152a5a0145dd6091f3
recYDmxmrxT4iIeEa,7bc6dbf68db0440f485fadfca4f523a3,"""journal article""",2fbf380be6bcdc092e10cdfead571efd,2019-01-01,OpenAlex,published,open access,"""Non-specific""","""""",2023-06-20T22:34:36Z,13,9a74a40d1f41d6b72f506b3e13b49719,9cd977bb59ce849f4621dd831d39c3b6
recYOyuM0ixRIj6ya,2f3d81325eb563bb5525645efe6711d8,"""journal article""",68e8661dc49d2b424982bd23177b220f,2022-01-01,OpenAlex,published,NA,"""South Africa""","""""",2023-06-20T22:37:02Z,10,5c4b747e88501e0a40886f9e9e3400dd,f7aa655e2dbde6ac15524894e6f2f376
recYTvYzbHA3Z4079,17256d5afb8ad886faa15e9cccc2c12a,"""journal article""",6fb4bd40d8165ead0efb51f3be28f682,2015-01-01,OpenAlex,published,open access,"""United States""","""""",2023-06-20T22:35:28Z,5,4f14ace3b4e001cf4f133142b81c618f,999a1f22c227c5885244eb93226e05e6
recYfmuNLljFERobo,2cd7c76dfe983b6679e807168b5a4f9e,"""journal article""",a2b417ead5b02a669140d3f42fc76a22,2019-01-01,OpenAlex,published,NA,"""Non-specific""","""""",2023-06-20T22:34:26Z,13,971c9d902efc4dc3db86939a513104a6,acd89a55955bc68e966c49d3556bf429
recYgkysAXUqrCNUQ,37f7d64966553d3627321a15714bebf4,"""journal article,opinion""",785de3db18932b0dfb12c78e40647e52,2017-01-01,OpenAlex,published,open access,"""Non-specific""","""""",2023-06-20T22:34:46Z,12,7457aefb820b189c4a12f99dd11c8409,1d1f02d53ff4511ef82629865b908ba3
recYmeAwxNgavsACV,1e738decd91a30ef5e1157a2930906db,"""journal article""",14cfc9850766b2b51507e1911388a61b,2017-01-01,OpenAlex,published,open access,"""Non-specific""","""""",2023-06-20T22:35:00Z,3,de3331870656caf556a218a1578cd25f,9f7787c55c639c3c179eb7a7aa3287c8
recYvGSNTIL35vjA8,0358a86000206e4507847397e8176617,"""journal article""",7e8b60f7fb3450af5777b832568b431b,2015-01-01,OpenAlex,published,NA,"""Non-specific""","""""",2023-06-20T22:34:55Z,18,90f04e51665b16315a09553972f1e268,1f3473303abe4d4222e6267248a64094
recYwR5My7C7X3hIs,efeff732047dac81e487fa471f8d97ed,"""journal article""",503d65a9a86d84d07b1e4a781b210356,2022-01-01,OpenAlex,published,open access,"""Cameroon,Democratic Republic of the Congo,Nigeria,Tanzania,Republic of South Sudan""","""""",2023-06-20T22:36:30Z,12,40a83ad6391bbc429a7b9aa2110ee5dc,17bdbf8780aadda35054af69a58f444c
recYzHhvAUN2Ix8Zn,14946ec305b1a60c61fcf3d9362edf2b,"""journal article""",877642553c04f24c7928e85f7f106cff,2021-01-01,OpenAlex,published,open access,"""Bangladesh""","""""",2023-06-20T22:37:25Z,6,873651b59553e6f120b76cfbb958160a,4bc69a3c0c687268e674bd28ad4b0a77
recZ3nCQIkiJ8vBSr,47b752a4c2fc8e0fe4862719b2a405fa,"""journal article""",b404ce998114a3a3864dd6f02ea3a6f4,2017-01-01,OpenAlex,published,open access,"""Non-specific""","""""",2023-06-20T22:34:51Z,6,4f14ace3b4e001cf4f133142b81c618f,999a1f22c227c5885244eb93226e05e6
recZJvRvBvIVMxd7D,2d87cad14f8fdf518c179505a4d2465f,"""journal article""",f4c649bf4146a89612efdc6136ab01c5,2022-01-01,OpenAlex,published,NA,"""Non-specific""","""""",2023-06-20T22:36:50Z,6,0175959b102ea0003aeaa1aae772e5b7,d8e5e01ef13e4476f20b1ff8afb5ce23
recZNdXL2RoKGIvTv,00464cf73e3d7f686adb9c3958a234cc,"""journal article""",b0f09169d0845e18e154e07c41eafec4,2015-01-01,OpenAlex,published,open access,"""Madagascar""","""""",2023-06-20T22:35:12Z,9,4f14ace3b4e001cf4f133142b81c618f,999a1f22c227c5885244eb93226e05e6
recZecxcDqz2j8qDR,0f4c785cbd9561305283b7f7a6681622,"""journal article""",5c4da9a151276b36f218689aebbe8db5,2020-01-01,OpenAlex,published,NA,"""Trinidad and Tobago""","""""",2023-06-20T22:35:43Z,21,831babf7b8d989e9d97c3dee7a4d5f58,5a08cb77a97fc41a159384cfb3c61454
recZiOFj4fHSheYDF,acc3891fae690a686c39cbee4065cf82,"""journal article""",3735f5e78df1e7b65457f8f53abb1902,2020-01-01,OpenAlex,published,open access,"""China""","""""",2023-06-20T22:36:36Z,8,7469c2f409bf77cc71bc5559ec2e6f78,3e2bfbef0f79ede4c2982794ff7a89f8
recZkmGnXaMo0nQMq,1b1661076c49353dccb449e3c40286d1,"""journal article""",80df82a61eefe18b7ce1ce468155fcc9,2018-01-01,OpenAlex,published,open access,"""Non-specific""","""""",2023-06-20T22:34:25Z,25,3597ee5f0fc791263be6753b655b5bca,4bb0c371076f041b8c8f4dcc1dae6c92
recZlcmZ4vXyIqvEf,73dd4e3f7a1af8af90eca56d4e8dd734,"""journal article""",58604c95ff4c4263f10b1bdbf2d0c511,2022-01-01,OpenAlex,published,open access,"""Bangladesh""","""""",2023-06-20T22:37:33Z,8,15f5991fe437fd37856cd1f5e2fcfa69,ec176b0bad795c1adf80c07a275adaec
recZoZ2QueNWwlaMN,96f12226ec04bcb6d2744481a9f7f549,"""journal article""",c3f0a5181d19bcc8fb24ee69ce26b44b,2017-01-01,OpenAlex,published,NA,"""Australia""","""""",2023-06-20T22:35:47Z,10,36d1a6653165b8dc5571c71d55d7898d,fb8b594a7c9c38152a5a0145dd6091f3
recZpCAbsJyLcJRww,500c204ad8e358bed1fff52f330629e0,"""journal article""",0c4ac2d4b4554f8415f7f71b113791a8,2021-01-01,OpenAlex,published,open access,"""Democratic Republic of the Congo,Ethiopia,Kenya,Madagascar,Mozambique,Tanzania,Zambia""","""""",2023-06-20T22:35:57Z,24,d58ec2580096a39826d9ef97392df7d1,ab7979115ae25f3dffcc26cba0716caa
recZsCQ0GjIvRyu5S,35415149eca997f9638ad62efa23ff24,"""journal article""",50f0d4021f4329a8de422f5eec80655d,2014-01-01,OpenAlex,published,NA,"""United Kingdom""","""""",2023-06-20T22:36:23Z,4,91369e03cfb5efa83b62a3a49be5edd9,0405fd62353dff9edc340aea80fd85ba
recaDu9hYjF4fiv28,173e0fa8cf4d1b2a524fb8bc0546fa85,"""journal article""",53d907c93cc373f51db233aee0eef020,2016-01-01,OpenAlex,published,open access,"""Australia,Taiwan""","""""",2023-06-20T22:34:56Z,6,90f04e51665b16315a09553972f1e268,1f3473303abe4d4222e6267248a64094
recaH9aStSMWh3FRm,40af9acf56cedbbda2a1b4a93f66cadd,"""journal article""",45c4d4bfb100bed7ab98ad40ad718437,2020-01-01,OpenAlex,published,open access,"""Malaysia""","""""",2023-06-20T22:36:27Z,7,029d23da1bf8e7ef644162a630142cbf,89ac0bb42163d9a46513712a0a10ad5e
recaQWQdLDqYW1Yxh,0edaffc57f82023b9e064a82e2a59bf0,"""journal article""",f4c5b620b365fc701e63e1a317206065,2019-01-01,OpenAlex,published,open access,"""Non-specific""","""""",2023-06-20T22:34:46Z,5,d9664afca8c1dbc7fc98ef4086a00b4c,5d20e82bbaf649f5c839610c3f454c9b
recaadwLPYbLwRqlt,ef6c5556c7291f3683d3b638527f8316,"""journal article""",0bfd4d1181e98df7d32b2c8eb6a210f0,2020-01-01,OpenAlex,published,open access,"""United States""","""""",2023-06-20T22:35:08Z,9,4f95d5754746554e5f1ac6b0bad76d0a,46153e210ca836f542caa2c1225a9707
recacP3A9gCeYMyMT,fa2a64954d4f9d0eceb7df3a7e013c70,"""journal article""",39f2c412e1d97b6940da41d7edbbcc55,2017-01-01,OpenAlex,published,open access,"""United States""","""""",2023-06-20T22:34:37Z,11,90f04e51665b16315a09553972f1e268,1f3473303abe4d4222e6267248a64094
recapZPkptRyThQJX,bd3c45275d4313574c67af159f5d078e,"""journal article""",ed63eaa3f9b0a3fa46c4a658b6187dc4,2018-01-01,OpenAlex,published,open access,"""Australia,Indonesia,Papua New Guinea,Tanzania""","""""",2023-06-20T22:36:16Z,11,4f14ace3b4e001cf4f133142b81c618f,999a1f22c227c5885244eb93226e05e6
recbShYJoWP4DwVpB,ee9965b03d9f87e3400a0eecea4f24d6,"""journal article""",4795029a2d9c9bdb487b43f14d18d0b2,2021-01-01,OpenAlex,published,open access,"""Cambodia,Thailand,Lao People's Democratic Republic""","""""",2023-06-20T22:35:06Z,28,3597ee5f0fc791263be6753b655b5bca,4bb0c371076f041b8c8f4dcc1dae6c92
recbWG1KvejOPPthj,86a3b3e1b70a5a732a4d79f120f306a2,"""journal article""",a5d1d0fc0c5423aeb8db166393462068,2018-01-01,OpenAlex,published,NA,"""Bangladesh""","""""",2023-06-20T22:36:34Z,9,51e37f7f73f63d7df3aaccf496e18e6d,a6072b6198246e39d5c4674a73cf181c
recbWJOD4IFKGoi90,55822dd3eb9aec7941d9e886176854cb,"""journal article""",2cec0ca623f8adea9fa83094d05ae050,2021-01-01,OpenAlex,published,open access,"""Bangladesh,Bhutan,Nepal,India,Sri Lanka,Pakistan,Afghanistan""","""""",2023-06-20T22:35:54Z,9,baa9f5ca9a7273bd32618d913bf86825,b073c0577c49243bda97bc9780f49511
recbe0rurrYBqHCEy,e4b4daa7c21fe6da133daeeaffa3b799,"""journal article""",4fbd9a83f2700fd7507adad8fe6ef7f3,2014-01-01,OpenAlex,published,NA,"""Bangladesh""","""""",2023-06-20T22:35:41Z,13,36d1a6653165b8dc5571c71d55d7898d,fb8b594a7c9c38152a5a0145dd6091f3
recbmSaLukgSUtu9x,2cb2cf0ce7f32f246531bfdb0bafc25b,"""journal article""",bb4f06a1c029ae8728da05b3d82dc360,2012-01-01,OpenAlex,published,open access,"""Malaysia""","""""",2023-06-20T22:34:17Z,10,cb056415cefda968ba6b17fdd84d78bd,0e38fb7a9e4201ae8fd0694ba349e03a
recbxDZZvPfgn6zCC,3afe37d6ccafe0563fe9df6bd5e187a0,"""journal article""",d82c3b5e273d58b5b2da27c5de98ef2e,2018-01-01,OpenAlex,published,NA,"""Sierra Leone""","""""",2023-06-20T22:34:17Z,27,971c9d902efc4dc3db86939a513104a6,acd89a55955bc68e966c49d3556bf429
recc5fGTG6wO2Bf94,ccbaa5c247862299f8dc102b68343761,"""journal article""",952b7705b6ef0d74e0c51558d9512bf1,2022-01-01,OpenAlex,published,open access,"""Indonesia""","""""",2023-06-20T22:37:03Z,19,e3ea129caaaaf7c32b3d58b087c49dbb,c7044060e1ae040809feeb6f6c2bad3c
recc7oMkq5NPO9xZ0,1862b407ba84a590ba399aa893fb0aa8,"""journal article""",e9c3ac3ba6636a8b332c68ab14480fe8,2016-01-01,OpenAlex,published,open access,"""Non-specific""","""""",2023-06-20T22:35:32Z,16,d744698bbd381e3e9382fdd973e95813,b9e8ee081b2cfc06421999d60e36a70f
reccBh9ZqLdLRm1a0,4237bbe65585b592b6fac9675f8aab0c,"""journal article""",bae6d1ebadba3ba3fc7802e8eca5d5bc,2017-01-01,OpenAlex,published,NA,"""Non-specific""","""""",2023-06-20T22:36:27Z,4,80bb4de1d752a31cf5cd35d6e07d22ef,df9660e285d433ddc89d0eefdc01207f
reccN299uzguruqz4,bd201db4b85e899305822bc7b91ed181,"""journal article""",903fea8b9c9e2ad305ae9a9122e5e1b3,2015-01-01,OpenAlex,published,NA,"""United States""","""""",2023-06-20T22:35:37Z,6,3ad860ad04958a18d063e90502103525,6b419072b60326239a5c784952df3679
reccRRecylFSBYNVF,8140eaec43b55b3411f131130d37bfa4,"""journal article""",5ba564b82f005854abcd30ccc95031a5,2015-01-01,OpenAlex,published,open access,"""Australia""","""""",2023-06-20T22:35:38Z,4,90f04e51665b16315a09553972f1e268,1f3473303abe4d4222e6267248a64094
reccUB5NAlRrZHPrp,cecd63f7b5042badea40930da3d57ea5,"""journal article,review""",ad86c8331f02daec45fd94e63d953a95,2013-01-01,OpenAlex,published,NA,"""Non-specific""","""""",2023-06-20T22:34:21Z,6,90f04e51665b16315a09553972f1e268,1f3473303abe4d4222e6267248a64094
reccaEk9kem9FzjLR,05e2d15d9b65272a162f11ce6b93f88e,"""journal article""",33da0b2d7661821b637b1eb43745098e,2013-01-01,OpenAlex,published,open access,"""Non-specific""","""""",2023-06-20T22:35:06Z,5,4f14ace3b4e001cf4f133142b81c618f,999a1f22c227c5885244eb93226e05e6
reccajFhSblc17OKD,00aafc00b6ce1e509acf5eecf83a259a,"""journal article""",0f8de815a542ffa5cc1b4a8b3fc46d1c,2021-01-01,OpenAlex,published,NA,"""Non-specific""","""""",2023-06-20T22:36:18Z,4,392a2067588430b908acdcfa01006f0c,757823b3fa475c0a6b163f1e974e82fe
reccpmwbRL6qmmp9D,a1bcc9a76bcec79f9e155eac56475c7a,"""journal article""",9879ed5cb797db2776c6318f04113747,2020-01-01,OpenAlex,published,open access,"""Bangladesh""","""""",2023-06-20T22:36:48Z,9,029d23da1bf8e7ef644162a630142cbf,89ac0bb42163d9a46513712a0a10ad5e
recdABANSStTCTEDc,b3643cbabdea425a8fca93b13fdf2a58,"""journal article""",2796150e685dc4d069851d42a36f6aef,2017-01-01,OpenAlex,published,NA,"""Non-specific""","""""",2023-06-20T22:36:05Z,8,2c042f8b33927809a1f2ec9647cf7506,a20c08911a48a9ac78f52078435e74b8
recdDsdtpw5x3z8YU,12f5402f67ae1eec58ddea75c1743005,"""journal article""",082dd68b06f7f34ac58c5be9dd748832,2011-01-01,OpenAlex,published,open access,"""Non-specific""","""""",2023-06-20T22:35:21Z,10,90f04e51665b16315a09553972f1e268,1f3473303abe4d4222e6267248a64094
recdGgSBPLgBBwBjm,e685ef8e2f110b600425543925aa338e,"""journal article""",6f7ceddea46a87cfe3616b4172997254,2016-01-01,OpenAlex,published,open access,"""Bangladesh""","""""",2023-06-20T22:35:56Z,7,edfb597ec7fcfa7cda844fa9cb21b6d4,d237900336dc4fa6630ac12a3c049e9f
recdHwaYD7XmiekPk,479c8c2312ddf53767c54fbab7666aac,"""journal article""",5c408aadf6413fec77768d0806abc76b,2021-01-01,OpenAlex,published,open access,"""Non-specific""","""""",2023-06-20T22:35:54Z,7,b92c376e29d7d4bc84843b72e83542ce,1281ee29588a22cbe23965566fbc2c26
recdRmwZf7pZptfgp,7296c5a9dfab9389c5591d5748d8b99a,"""journal article""",a0ec0e96c865bf881060d0d1f0c43a15,2021-01-01,OpenAlex,published,open access,"""South Africa""","""""",2023-06-20T22:36:14Z,7,9a74a40d1f41d6b72f506b3e13b49719,9cd977bb59ce849f4621dd831d39c3b6
recdkWYfvZ4CfmipJ,8acc95d2b948c7d48ec10504455a9224,"""journal article,review""",4eab3b641c481802c76d408b8bec15ff,2022-01-01,OpenAlex,published,open access,"""Non-specific""","""""",2023-06-20T22:34:50Z,20,2e8c3068c6dea7747ab81019476a6a1c,f127901f87fa05b19205d97967ebbf97
recdnDwpHZjdaYSSw,35c19ab82aaf957546540ffc54cac86f,"""journal article""",79b755e32be40a66da16c55c8b00fdfc,2020-01-01,OpenAlex,published,open access,"""Bangladesh""","""""",2023-06-20T22:35:49Z,7,029d23da1bf8e7ef644162a630142cbf,89ac0bb42163d9a46513712a0a10ad5e
recdpeKMPHymW5P6m,ef623f5896e741a08ebac5e9ff17e8b5,"""journal article""",47759e8269a57c9d47ad27d0cb93da06,2021-01-01,OpenAlex,published,open access,"""Democratic Republic of the Congo""","""""",2023-06-20T22:36:01Z,10,9e40e0ed527898c19c017bb7785362bb,2d2cd671234c6759cb28e5a5492b302a
recdzLgn1hWQ1aufD,401ed13cca142246ef48cd77376495cd,"""journal article,review""",896358c866cd4dc65e527117110c00fb,2017-01-01,OpenAlex,published,open access,"""Non-specific""","""""",2023-06-20T22:34:14Z,3,7457aefb820b189c4a12f99dd11c8409,1d1f02d53ff4511ef82629865b908ba3
rece4XeUfumEROmJL,246c5cc0709172cf2f2918acc82a3d88,"""journal article,review""",0d2afa52cdca2c0e1fb2f69f74676767,2019-01-01,OpenAlex,published,open access,"""Australia""","""""",2023-06-20T22:36:07Z,7,93c2449c9f841769e29a6e91c7513b45,787618e87721b8632c7126ff4be07ef5
rece5R7XKZxmy5gze,9f20d1ec9ec8b69acefc5bc318f733aa,"""journal article""",bb3c77df9c292634dd399158523d2df9,2017-01-01,OpenAlex,published,open access,"""Non-specific""","""""",2023-06-20T22:35:36Z,8,0175959b102ea0003aeaa1aae772e5b7,d8e5e01ef13e4476f20b1ff8afb5ce23
rece5ixSffxwkXZE8,ccaa507c7043404b3e4839425a881ed4,"""journal article""",9ceb528b2fa04257d297327f38d9fa51,2016-01-01,OpenAlex,published,NA,"""Non-specific""","""""",2023-06-20T22:35:14Z,1,90f04e51665b16315a09553972f1e268,1f3473303abe4d4222e6267248a64094
receExGxhXCsxh1Z6,45cd51e9813abaeb0ea4ad68d21625c8,"""journal article""",a68b44a2abae1d0c6102dabc488f962e,2017-01-01,OpenAlex,published,open access,"""Australia""","""""",2023-06-20T22:34:53Z,7,d9664afca8c1dbc7fc98ef4086a00b4c,5d20e82bbaf649f5c839610c3f454c9b
receKjqabCt6DeMbS,fa5a2fa84072561d92ff03c4dfdefc76,"""journal article""",bdfb6fd2757715d46ca3e7a3b003c575,2022-01-01,OpenAlex,published,open access,"""Brazil""","""""",2023-06-20T22:37:05Z,3,90b78da609bcb31a05a4d0e5af42407d,2b921b0f5986a6afca8adabf9668150d
receMs1gjd39ZXirb,6ac1d796a097075fbb586e2f4d830721,"""journal article""",c67e59233f492c016512ca8e789b211e,2022-01-01,OpenAlex,published,open access,"""Bangladesh""","""""",2024-02-22T18:05:05Z,15,0bfcd368c81e8e379a9436bc9504ee89,a2229ddf215bf186ebce40c0cfe28de0
receNNswtAB9AIPxF,02770c4f0616d7c1354f722257b6a221,"""journal article""",a4de330cd791c3b8307df0edf6a1bc29,2022-01-01,OpenAlex,published,open access,"""Bangladesh""","""""",2023-06-20T22:37:43Z,10,7c0b658fdf3130a2eac770b5e4650601,28414ac2e02543e99511bd816800c8f0
receP5LdAq3JfDE8x,eaeec0ecc1c429959a04a58b87e0a2a0,"""journal article,review""",30b540d5f501ee197f023c68fa40d8fd,2022-01-01,OpenAlex,published,open access,"""Non-specific""","""""",2023-06-20T22:35:25Z,14,72258c0c8e4d8e3c321375d8a7b20657,f8aaf0048d188109f769a314602d2b8d
receoXd6HYpvoIZUo,00baf7b66868c59b6fe4d00f3095bdad,"""journal article""",87e58e2f1f29c4d86ee6be8d952e06e7,2017-01-01,OpenAlex,published,NA,"""Mexico""","""""",2023-06-20T22:35:37Z,13,dfd252e2c35218efa4915483ac22403e,28daba56f39720a7d1f2bb75a5af00ee
receu5SEn5UESKV6g,5413a23df9981e6fdca45a1e4e089858,"""journal article""",68148e2e90e7517135d56987b9359d2d,2019-01-01,OpenAlex,published,NA,"""Non-specific""","""""",2023-06-20T22:36:17Z,6,407ae7cea096d6e2c70116520951de0b,55d51f17613d896a17e516e276ae610b
recexbFsftJgV4yt9,483275832887ba20e91c08f28d7a5cf3,"""journal article""",4c29e45f17563729718256e993327883,2019-01-01,OpenAlex,published,open access,"""Egypt""","""""",2023-06-20T22:35:01Z,16,48d398df674b8da608120e611140c769,b691b7757ee270a69e8e2af5152516a0
recf0DZkXIujg2xac,9eb8842d9d6eac3abfb45e85b5413d56,"""journal article,review""",bfe393ad30a62653a9c7560d661a5df5,2021-01-01,OpenAlex,published,open access,"""Non-specific""","""""",2023-06-20T22:35:43Z,6,b92c376e29d7d4bc84843b72e83542ce,1281ee29588a22cbe23965566fbc2c26
recf6ZCid0tihNAwC,31df6d3738cf75a538b5ceffb64dcbba,"""journal article""",b0572eaf61894bd3acba0a7bbfd77349,2021-01-01,OpenAlex,published,NA,"""Bangladesh""","""""",2023-06-20T22:36:38Z,8,a96e8b307aefa4efb6512941cd4ac7b3,f34deacf469e26b99f28ff0cce9fc5dc
recf7D6jXEeBS4VfC,6be1bf57305c9a66575993e9d55e2d8d,"""journal article""",2850526a17d949c1ff0445753ffcdc94,2013-01-01,OpenAlex,published,open access,"""Non-specific""","""""",2023-08-09T17:30:30Z,13,0bfcd368c81e8e379a9436bc9504ee89,a2229ddf215bf186ebce40c0cfe28de0
recf7uox6ozftVdYw,ca80715568bd81e01fc4db1d5ffdcd10,"""opinion,journal article""",49a84c2afd807623c6710cd42a4bd4e0,2020-01-01,OpenAlex,published,open access,"""Non-specific""","""""",2024-05-06T14:26:37Z,18,4e2100db04b673021d2a5ddcf0e48844,48ee2dac29ecf28d70e0ef2fee4942e4
recfHkG6aZXu5RPLn,c6eb7aecc208d1396326ded823224536,"""journal article""",6699cc4f1416640fe8fa4c460605b457,2019-01-01,OpenAlex,published,open access,"""Tanzania""","""""",2023-06-20T22:35:10Z,8,fcb5fe50ae1690ad35ad31fa24a2799f,804a5a6c090e11ee32e09ab0f17b9977
recfMHdUKnreA7a5m,9d642b634b3ca29393100f8a8ed3840c,"""journal article""",5d615d448b64188ecff6653680892a75,2020-01-01,OpenAlex,published,open access,"""Bangladesh""","""""",2023-06-20T22:36:07Z,11,90f04e51665b16315a09553972f1e268,1f3473303abe4d4222e6267248a64094
recfPlioyyk8G7ULc,3f3d5ba15105d235accbf40a2670cea7,"""journal article""",0ae035a1078cf66a572df9f9a28169f5,2021-01-01,OpenAlex,published,open access,"""Non-specific""","""""",2023-06-20T22:36:13Z,39,151db44e593a16a59c6a664a1d570b7a,d95eebc001f90d0c418a6c9a30b2eb25
recfTDh7mDFg85mSh,a377963843ec25938c5407c156796ac7,"""journal article""",508b0b17ce16664850fa9d6bf5e9594f,2017-01-01,OpenAlex,published,NA,"""Thailand,Lao People's Democratic Republic,Cambodia""","""""",2023-06-20T22:35:33Z,10,d8a6e03bbbbada0caea5ae5f450f6a22,e3fe00c1b5d6e0debab7b398f9f6a763
recfmTwQ9FCr0FhXW,efd0c500f31303e5817c69d4653a202a,"""journal article""",a5a5ed85621b02b8edeba2e673edf7e8,2016-01-01,OpenAlex,published,NA,"""China""","""""",2023-06-20T22:34:18Z,12,48d398df674b8da608120e611140c769,b691b7757ee270a69e8e2af5152516a0
recgEhHupQj2vk230,06d95f84fde17efe92db96b2950c30b9,"""journal article""",ed2cf6df86518f1ea6b144e5694b8a9b,2022-01-01,Manual Search,published,open access,"""Non-specific""","""""",2023-07-18T16:26:25Z,9,4bfd83588026891c18dcaa0942cf5446,85c02b948df37ec3a5f45e5a5721bc56
recgGOU7Zc3foOvuY,269232b355990dcd130a291593455894,"""journal article""",e4c8b8352d6944c173660fb93d596902,2020-01-01,OpenAlex,published,NA,"""Bangladesh""","""""",2023-06-20T22:35:24Z,10,91ca51cc035f96d0fe33df8aa5ed64e6,e0acc4fd34ff18d5719a5ad7dbd97a9b
recgXJxliZxjT2Ky9,6251bd9ad5bdb4206a8463f2ee47da6e,"""journal article""",0a3232d25749cbdfc4f834fa63672d64,2016-01-01,OpenAlex,published,NA,"""China""","""""",2023-06-20T22:34:48Z,11,48d398df674b8da608120e611140c769,b691b7757ee270a69e8e2af5152516a0
recgc0DU2SizyFnoa,32095aee108a655f0d8d3ed08e1b5fbd,"""journal article""",3d531789c7c45849db5ce9acb730c127,2018-01-01,OpenAlex,published,open access,"""Australia""","""""",2023-06-20T22:35:18Z,1,c09ee5a9aa1a7df55e0cbd937d3ac216,832f7bd327c685aeabc095736bb53c3c
recguxo43hLLNtTGA,e698bf7681485e096466531d67eadc53,"""journal article,review""",df196aa1e5805075ddc48aba3453e83e,2020-01-01,OpenAlex,published,open access,"""China,United States""","""""",2023-06-20T22:35:12Z,23,90f04e51665b16315a09553972f1e268,1f3473303abe4d4222e6267248a64094
rech08tL5pQeIkzJZ,a4a54dad7bc3dfb6c3c64e7ae2e33fb8,"""journal article""",dffe80f6daca544d640141821235c7aa,2016-01-01,OpenAlex,published,NA,"""Australia""","""""",2023-06-20T22:35:16Z,8,90f04e51665b16315a09553972f1e268,1f3473303abe4d4222e6267248a64094
rech3wXb9lTA7UXfK,0d155a41815bcd9a776c789a69837d76,"""journal article""",d4e4bed39be9bb54a629e2e0c1da2e57,2018-01-01,OpenAlex,published,open access,"""Bangladesh""","""""",2023-06-20T22:36:06Z,6,379c5f4cd08b98307f20d1bba0054072,05a46cb90026a7e5b89ab34d88b962ce
rech6i2IgiibCI5fz,6a62b1f59e60d47ce6ee0de1c1ee22fe,"""journal article""",27d6d1e89e7ba8f9af3636aa32742aab,2018-01-01,OpenAlex,published,open access,"""China""","""""",2023-06-20T22:34:19Z,16,0154aa9771e1ec7d0d86cc7627230577,d7d2a8eb55971ccf154ff0f3c44eed43
rechFtGBm6mVrHFsD,eb612cddb51274307dcab7b31016d45d,"""journal article""",8913e2e764c170cfc45ea81fac7d8292,2021-01-01,OpenAlex,published,open access,"""Thailand""","""""",2023-06-20T22:36:49Z,8,692273fc1ace6d9a269757dc1bbe6893,fd50445f99bb120fbf5c19c21094b52b
rechG3l5B60gLBYX0,4eb83e8f58298db73dbeb251a90ebeb6,"""journal article""",46541fbcb72172198455d48bdd1139d8,2019-01-01,OpenAlex,published,open access,"""Australia""","""""",2023-06-20T22:34:52Z,13,d2ce6c31038b5cc178291f3d87754281,71b52e53d4d9ce3b3476c080e73ac300
rechPMoqDvzM9quTp,d9792aaec2730db8c6971040d9fcba74,"""journal article""",2d2344826db7dae305c914939e8b9bd7,2022-01-01,OpenAlex,published,open access,"""Non-specific""","""""",2023-06-20T22:36:31Z,9,7c0b658fdf3130a2eac770b5e4650601,28414ac2e02543e99511bd816800c8f0
rechR3lMLbnalJdCs,68a2b0e54694450d4154c48d40046d1f,"""journal article""",f9295bc2e4cbe0a26e19c0f73ea42a46,2015-01-01,OpenAlex,published,open access,"""Australia""","""""",2023-06-20T22:34:42Z,13,4f14ace3b4e001cf4f133142b81c618f,999a1f22c227c5885244eb93226e05e6
rechVmIfGrwTxSNLv,ebda769bffd0d3b42e827645182a41cb,"""journal article""",304cab7e1d49caa8b3e89a9d4ef49eb1,2016-01-01,OpenAlex,published,NA,"""Bangladesh""","""""",2023-06-20T22:35:00Z,14,d9664afca8c1dbc7fc98ef4086a00b4c,5d20e82bbaf649f5c839610c3f454c9b
rechkVdw9J2YrBmcc,b11d400fa7dffa67f961f3b318b34d97,"""journal article""",e8c7595403b3dbb0cafbc4212280f508,2018-01-01,OpenAlex,published,NA,"""United States""","""""",2023-06-20T22:35:29Z,6,ac3c046bf28364918de46c10bffaf80d,77c9efc8341dabe86eaf77de1f6e169b
reciEL2CmU620H9IP,0d7e0c149071e8a4c68d53d903bd9fdd,"""journal article""",9d3f72f9d671d26db8c916866907ec20,2011-01-01,OpenAlex,published,NA,"""Mauritius""","""""",2023-06-20T22:36:09Z,5,84528bf39228433f253a17865f46d6a1,4ba9031f4767642075de6c2b5e6ec111
reciO8MnUW55Kaixs,bb169e1a671b985e806ad67ff3660b3f,"""journal article""",5358c2254f3a4bd81b128bc0204c936b,2014-01-01,OpenAlex,published,open access,"""Non-specific""","""""",2023-06-20T22:34:27Z,6,4f14ace3b4e001cf4f133142b81c618f,999a1f22c227c5885244eb93226e05e6
reciXfae7yJ3gGEH3,f62b8d269a93771ee8d892f4b99b614f,"""journal article""",a844a979a0f4850e6cd10cbadf94ca6f,2019-01-01,OpenAlex,published,open access,"""Non-specific""","""""",2023-06-20T22:34:54Z,10,4b60d3fc2c01e68463df9d6049433baf,dc59939e2f176231ac8c1670c3091d27
recioe3vXLmDseEwc,27687ac103a454bc1cad5f24f09b3840,"""journal article""",4e103c7fe0c7ee94aea524d77e8c2707,2021-01-01,OpenAlex,published,NA,"""Bangladesh""","""""",2023-06-20T22:37:28Z,9,90f04e51665b16315a09553972f1e268,1f3473303abe4d4222e6267248a64094
recirxOQhBFK8BEe1,de92070a213c38c355fbdf8c3ae6030e,"""journal article""",4841ea668ab937cecca827411f4a2bb5,2021-01-01,OpenAlex,published,open access,"""Non-specific""","""""",2023-06-20T22:36:02Z,11,7a48d672267f8291acf36b56beea68ea,5368715d220752bf34f6d666571681c2
recj93XtGhmsBtLgv,9d81624221346e8090e0279347a9886b,"""journal article""",fa94ce7e0aeb97e1d4be871f92c9f77b,2014-01-01,OpenAlex,published,NA,"""Australia""","""""",2023-06-20T22:35:22Z,7,dfd252e2c35218efa4915483ac22403e,28daba56f39720a7d1f2bb75a5af00ee
recjFISBbVE8F5HXc,f8d7e1d82406b56ab3086dd0f47bdd05,"""journal article""",60acea8a1f469844bbce7e165da8025d,2018-01-01,OpenAlex,published,NA,"""Tanzania""","""""",2023-06-20T22:37:20Z,3,84bc0c9386a818db31f1ebc0e8b60936,60269e4d89731b7340c4e13b2c72431c
recjOThqgGCPeqcYl,08ac01350c1c9edcba4b9d7a9a67bcaa,"""journal article""",b38a4d3928024e9e69e00bb8fa1bc9c9,2021-01-01,OpenAlex,published,open access,"""Brazil""","""""",2023-06-20T22:37:28Z,6,6bb816c6dde7f462d3354657fc27c220,e801fa2f431b22507324dd1aa53734a4
recjtA2EwumT1CepI,4f0f9095219dd8767cd90031b6b8c698,"""journal article,review""",d3db57aa517a62aca7e7c109b7522c20,2021-01-01,OpenAlex,published,open access,"""Non-specific""","""""",2023-06-20T22:35:23Z,8,b92c376e29d7d4bc84843b72e83542ce,1281ee29588a22cbe23965566fbc2c26
reckBOcFhAcFy6Ecv,ea9fe8b3b418970792244eda85e132bb,"""journal article""",143993cc40abc7f172a65e4b81f78d4b,2016-01-01,OpenAlex,published,open access,"""Bangladesh""","""""",2023-06-20T22:34:37Z,13,0bfcd368c81e8e379a9436bc9504ee89,a2229ddf215bf186ebce40c0cfe28de0
reckCEq3poX7lHjOq,26d09907c8434037750b6fe5bec91ab0,"""journal article""",92581317a07b99c76ec71432950854ac,2018-01-01,OpenAlex,published,open access,"""Non-specific""","""""",2023-06-20T22:35:47Z,4,cf0926f0913f8e75b914d58eab0ea1f6,178bdc5981faa45307e0524137d63d00
reckCdZLKb8MeCwFs,9ad78e8a8cc692d4a1c46330f8eabadd,"""journal article""",6679f04befccc1ca73e1815cec5f4b98,2013-01-01,OpenAlex,published,open access,"""Democratic Republic of the Congo,Sierra Leone""","""""",2023-06-20T22:34:57Z,10,e9551e1e24cfa90f56270e0909ebdb9b,cb3e502e123ca8d05906280e5bb2099c
reckDCXRQwUJVk3TZ,abd4d22ee34f50c45d99761ce4a7e6de,"""journal article""",78cf1a07c4d369feb915622e2a6d51c2,2021-01-01,OpenAlex,published,NA,"""Brazil""","""""",2023-06-20T22:36:29Z,3,0fd2eec501ad3bab3d9b9e262650f5c4,e958ab255735eee5e11e7f8a76ae7c54
reckJcgMUgZFtOaUk,a04bfc67c835e0cd1dbc768c7b758bbf,"""journal article""",6aa86b3836b985ba960fd14a63057bff,2021-01-01,OpenAlex,published,NA,"""Democratic Republic of the Congo""","""""",2023-06-20T22:36:01Z,19,586b50345ca6efb771ade13659094551,9b5150406d5cb43b74717be68ff0a94e
reckVDrZkRgm9Bv43,fe9d078cb435bdaf2213a17281cdfde0,"""journal article""",31c1169fdc6d90e22a5c925c81d4eb16,2021-01-01,OpenAlex,published,open access,"""Bangladesh""","""""",2023-06-20T22:36:28Z,6,0175959b102ea0003aeaa1aae772e5b7,d8e5e01ef13e4476f20b1ff8afb5ce23
reckYisLfXJk6mnzy,c227224ff4b91ec66b944f01be7c0eda,"""journal article""",5ab0f678304213448857f21404afb1c4,2021-01-01,OpenAlex,published,NA,"""Eritrea""","""""",2023-06-20T22:36:36Z,4,154fc40ab9c2713f0044e2f775a231da,f42b367fe9c81271b1a50b602f992aca
reckfrbqwJTHuZyw2,d6a0d6805bb11b0d06b45b3baaf32ec3,"""journal article""",b51f3da484f46104316366029d432e8d,2019-01-01,OpenAlex,published,NA,"""Non-specific""","""""",2023-06-20T22:36:17Z,7,90f04e51665b16315a09553972f1e268,1f3473303abe4d4222e6267248a64094
reclB0Anb11hDpWBP,f6685630b7e5e3c49470d44a942c4ed5,"""journal article""",1b56e5dd692c0d492f71ea4addea8ea4,2012-01-01,OpenAlex,published,open access,"""Peru,Bolivia""","""""",2023-06-20T22:34:38Z,22,aa8aca01a973550cd62e4327c52af0ed,e6c201cd8592e51dff17c2521e5436f9
reclFv72wROiHy1IM,8e9b9ddb35d5fb700ff1526ad542ca63,"""journal article""",8680349fcbaccd40cc21556a7cadc571,2011-01-01,OpenAlex,published,NA,"""Non-specific""","""""",2023-06-20T22:35:16Z,5,34f6b3640ed6befa12ff2b7389654d6e,80ea185070ab97c8cc9520c88aa03d37
reclLH8Qyo3jUxVzr,43d181be53f6cb45a38f1095f0c7c0d0,"""journal article""",53135b874d7cb9a3a87621931cb2502c,2014-01-01,OpenAlex,published,open access,"""Saudi Arabia""","""""",2023-06-20T22:34:23Z,10,343707fe38e402327ff978cba525c8cd,36d6737baf92a6b8b9527b938da773f7
reclPDh8MCUpgcwsa,b9bd9baa9d77d468a4ab56a4d72d0594,"""journal article""",f80ceee278571270404477c70e3282db,2021-01-01,OpenAlex,published,open access,"""Non-specific""","""""",2023-06-20T22:35:57Z,8,7457aefb820b189c4a12f99dd11c8409,1d1f02d53ff4511ef82629865b908ba3
reclWmV4XHE2VdB2s,289bda052bea2e12b254584a2eb25deb,"""journal article,review""",4f39b19344099bbe4af54803f8dc2d6f,2022-01-01,OpenAlex,published,open access,"""Non-specific""","""""",2023-06-20T22:36:21Z,10,dc692d003f404484498b65a2c768ac92,7d50ce76cf1ca1876f08b4d23704ef22
reclfWRQnl4Vqez8y,06a86ab21a569f710bce5f1be38b6350,"""journal article""",1b23b4e1418cf7f4be04dd2f1a22e2f5,2019-01-01,OpenAlex,published,open access,"""China""","""""",2023-06-20T22:34:36Z,17,8db051201219ca35c30e3d7fd8d77b49,484c14a3da96b0d49b4ecc3d64a774ea
reclkp5XxEWPwox0H,51caaa53530fbbb589048d0e4d092b63,"""journal article""",6ddde8fec5087b6f64dc3e25592531c9,2012-01-01,OpenAlex,published,open access,"""Non-specific""","""""",2023-06-20T22:34:58Z,9,4ee4b6f876399d4977d67d372750368e,3bad49a8cc474d6ed71c2e5c243a643a
reclnyADJf2GwJNLa,2209de3c5e618c7a10667988e5689bd1,"""journal article""",be1dc3839c5cba799846b17219e40d88,2015-01-01,OpenAlex,published,open access,"""Non-specific""","""""",2023-06-20T22:34:43Z,18,4f0b576d53d5e06bec10ce79b1ab106f,2a279b991e25b3c3892aa0fa7110e9f9
reclpP7KMvGwzIPgW,123b614b7b97bcc19f0159b68598617e,"""journal article""",7a596879578a437b113812b2dca6cc46,2017-01-01,OpenAlex,published,open access,"""United States""","""""",2023-06-20T22:35:07Z,8,db754209bf14f734ab3e476658e3b02e,8da13cd5a416fdc3f266392f9e669fc5
recm6qSUfVFAWXJLN,b78bfaed0903942ed47b33f15d746a35,"""journal article,review""",c1e278c6ec96d4cd324a2e62440d246b,2019-01-01,OpenAlex,published,open access,"""Non-specific""","""""",2023-06-20T22:35:18Z,4,90f04e51665b16315a09553972f1e268,1f3473303abe4d4222e6267248a64094
recm71yLvyt3MWNLm,b7480d86f7e7ac752e83c13edb9ca02e,"""journal article""",87bd3b4403182d68be08c076648245eb,2020-01-01,OpenAlex,published,open access,"""Bangladesh""","""""",2023-06-20T22:36:00Z,9,324df8c43593b5ee4dc5cccec5bd562f,411d6a32de103b7c065b3fd1f57fb93c
recmA4H2XbQYZ8Vr1,8541a3895cf2bb45ea320996e2ceb464,"""journal article""",e5d6942ac409713ca8cf8cba3a6c8606,2020-01-01,OpenAlex,published,NA,"""Non-specific""","""""",2023-07-31T00:19:06Z,9,c23981fda4eb994f401132868aad007a,d5240a998fce4dda2cbefe933a7cfe26
recmAAiu4e48J6Vkn,44615000ba62c355d4d8cfb01c24acf3,"""journal article""",4a6572a0868b252080b18fcd2076986d,2018-01-01,OpenAlex,published,open access,"""Bangladesh""","""""",2023-06-20T22:35:01Z,13,0bfcd368c81e8e379a9436bc9504ee89,a2229ddf215bf186ebce40c0cfe28de0
recmK9RznJHtG7yh5,80d815c0aa8df05631c7a7944f38d635,"""journal article""",773f1c0b01128cf25dd345c698ea2860,2014-01-01,OpenAlex,published,open access,"""Non-specific""","""""",2023-06-20T22:34:49Z,6,fcb5fe50ae1690ad35ad31fa24a2799f,804a5a6c090e11ee32e09ab0f17b9977
recmMpjqxIosILRGw,ba279612dc485f55482aa31e47a08dda,"""journal article""",521632e677d6bf22622f6370dbf720d5,2018-01-01,OpenAlex,published,open access,"""Bangladesh""","""""",2023-06-20T22:35:20Z,12,0175959b102ea0003aeaa1aae772e5b7,d8e5e01ef13e4476f20b1ff8afb5ce23
recmdkfB6VKCNzg06,80db9901d9736ec4c71db49eab1c14c3,"""journal article""",54de8098729f049069941bbf1b32ea2f,2012-01-01,OpenAlex,published,NA,"""United Kingdom""","""""",2023-06-20T22:37:07Z,3,ead77c17792d7ade3a91f3dc7e44fac2,ffdec705894bc8911c102b9cce05af08
recmtFYMgqktnWcDG,a5cd8c3718cada97546f793771c2798a,"""journal article""",490da2328ac9dbbce6d145538c62e1a6,2016-01-01,OpenAlex,published,open access,"""Tanzania""","""""",2023-06-20T22:35:27Z,6,4f14ace3b4e001cf4f133142b81c618f,999a1f22c227c5885244eb93226e05e6
recn6eOvQvavZgv6r,bb1d69984df4114b3c9af55906f1f273,"""journal article""",4ef2128da2ddbc80e02ff8e47e1f137e,2015-01-01,OpenAlex,published,NA,"""Ethiopia,Eritrea,China,Iran,Tibet""","""""",2023-06-20T22:35:35Z,13,e59ac6b0ab1ca9e2690dce003388b47e,0007725625565b89a272c5d9177fbde0
recnayApdVs11rkNV,df74d5cce6485669d8dbaa468ea16f6f,"""journal article""",a2e169352c075cf358ee08065fb7a879,2018-01-01,OpenAlex,published,open access,"""South Africa""","""""",2023-06-20T22:36:16Z,8,4f14ace3b4e001cf4f133142b81c618f,999a1f22c227c5885244eb93226e05e6
recnc0Qb3O6nEqYKi,71c59ba2ff8da4ef7983a5dc0257b054,"""journal article""",6facd4174990942fbf04845730dcb601,2016-01-01,OpenAlex,published,open access,"""Bangladesh""","""AMR""",2023-06-20T22:35:59Z,8,379c5f4cd08b98307f20d1bba0054072,05a46cb90026a7e5b89ab34d88b962ce
recnllYj21oUrK7hY,affa3d78690c9be3150f2b72191cc7d3,"""journal article""",868550358bc9dfb52e4fdd94cb161910,2011-01-01,OpenAlex,published,NA,"""Mexico""","""""",2023-06-20T22:34:42Z,7,13924819627ebac9da35700d1a7bfc50,0101307ecd51f3c38b746137b0d22fb1
recnteS1eJ2l9tpIL,bf246367b7d8c7f823049f824cff6a04,"""journal article""",45d081c09ad9286ef1c758812ea1455f,2011-01-01,OpenAlex,published,NA,"""Australia""","""""",2023-06-20T22:34:14Z,7,681801212296116b8e0598666236576d,1580ef204ba42aae2fa8e8f1d24e648d
reco6eKiJIBnkKALK,c778046057694057cd0ae8ecb128e660,"""journal article""",8c4b8cd76db0cb187cdb483427f2e024,2018-01-01,OpenAlex,published,NA,"""Non-specific""","""""",2023-06-20T22:37:20Z,3,90f04e51665b16315a09553972f1e268,1f3473303abe4d4222e6267248a64094
recoL7WlHbACVbCEG,f7e3cdd069556d1de62ecca4f548e07b,"""journal article""",06a946902f65b8981434a50c4fe46c63,2019-01-01,OpenAlex,published,open access,"""Republic of the Congo""","""""",2023-06-20T22:35:57Z,15,04960f387f07640717d97efbe6c3f0c0,71eafe5e677752aca3e5791da60b4152
recoXwZhT5kh17XNR,7687da34c58e7123306ca7a3db85e040,"""journal article""",4763e3000b6408f5d6b6f4fa29318b23,2021-01-01,OpenAlex,published,open access,"""Non-specific""","""""",2023-06-20T22:36:37Z,11,7077616f9b35e658e596853a4844b05e,faf65c6673ee1d931631767f62a577d3
recogFnEW0Im1V36W,054239c6d3df2d2feb338c75b3f5f965,"""journal article""",99db27ad2724ec360ad0612af5dbc684,2017-01-01,OpenAlex,published,NA,"""United States""","""""",2023-06-20T22:35:09Z,4,0e8e96bd9e9116651909078857791fa4,457de6aff1711287d2014f54db5f2c85
reconHKpDZWH5RaPh,a98df5d8230a7232a8250c06bf1c0319,"""journal article""",9c77c2d6364b5299cec08c93bf8940c2,2020-01-01,OpenAlex,published,open access,"""Non-specific""","""""",2023-06-20T22:36:12Z,33,343707fe38e402327ff978cba525c8cd,36d6737baf92a6b8b9527b938da773f7
recp8DUKeR97NV5P2,f95d3d77924d43994c4a16e26319d5ab,"""journal article""",8b8fb5166c0fae0c4b4ed8eb9ec42474,2018-01-01,OpenAlex,published,open access,"""Thailand""","""""",2023-06-20T22:36:34Z,8,6eaa343317cb93444c34f95930a40a50,177846abcd8ba96d4cd2f876dbf3a933
recpiSF614pl554XN,275da2e34a48985537a0228c3f636561,"""journal article""",8645fe95c5d14eb162640b57abfb7553,2019-01-01,OpenAlex,published,open access,"""Democratic Republic of the Congo""","""""",2023-06-20T22:35:02Z,12,b963ffeecd8f04358a969599385f969d,1e8f6e37ee92e2fa60beb815df743809
recprnn0aoVIMHbxL,f54a4f23cb39b8e8e48274c2e75af6a6,"""journal article""",9affa8eecf24daad16e3e1a44fd70cf9,2021-01-01,OpenAlex,published,open access,"""Non-specific""","""""",2023-06-20T22:34:28Z,13,4e2100db04b673021d2a5ddcf0e48844,48ee2dac29ecf28d70e0ef2fee4942e4
recq9BRpYYnMmS7nS,fff3cfa01a83f5796529b86827fc3424,"""journal article""",cceee9432c8acac6c5cf4517c1935dbe,2021-01-01,OpenAlex,published,open access,"""Bangladesh""","""""",2023-06-20T22:37:48Z,11,321fa950cbd17b4dfab11fb7069fbdf1,ce5c88e04ec45a0ff6a3fb6dd51a56ec
recqmxnQLMDBTynsT,8db8b44c4e5b6d5c4df177332d1ba493,"""journal article""",32a32736086a0e3d270a3cded7b5ce56,2016-01-01,OpenAlex,published,open access,"""China""","""""",2023-06-20T22:35:39Z,10,04960f387f07640717d97efbe6c3f0c0,71eafe5e677752aca3e5791da60b4152
recqocTz2zOlzSUMw,d4ab97c47160dc671d5a39542a38cca2,"""journal article""",7b912bbcfa93b5ef5cbf00b71aaaa8a0,2018-01-01,OpenAlex,published,open access,"""Australia""","""""",2023-06-20T22:36:11Z,8,fcb5fe50ae1690ad35ad31fa24a2799f,804a5a6c090e11ee32e09ab0f17b9977
recquiHoId80unY1z,1830679466edbb7f264ac4d1ea2b4480,"""journal article""",98eeb267dc6608bac309897653288d4f,2017-01-01,OpenAlex,published,NA,"""Australia""","""""",2023-06-20T22:35:20Z,10,36d1a6653165b8dc5571c71d55d7898d,fb8b594a7c9c38152a5a0145dd6091f3
recr9GQomuZY0pOit,8e61fb91fae7e8435d302d2ab8acdf4d,"""journal article""",dda7ecbf9bb194f3e17aac9d38d6db09,2017-01-01,OpenAlex,published,open access,"""Uganda""","""""",2023-06-20T22:34:15Z,22,343707fe38e402327ff978cba525c8cd,36d6737baf92a6b8b9527b938da773f7
recrGOZal2QWAaIj1,91178db3d44cb28823f3aee34f4ff53f,"""journal article""",3008f70357cda3c4c0754b7faae4ec0c,2017-01-01,OpenAlex,published,open access,"""China""","""""",2023-06-20T22:34:10Z,17,c146cabbff2e1441c2295351d3ee7401,17569a08a33f8e91b62f6b4720473857
recrKpT7UW05EKjwP,b71ed237b69ad00bcfb6f2e50f05c5ab,"""journal article,perspective""",f8f32b3ecf3c6b6b8ceb78b665c9820a,2022-01-01,OpenAlex,published,open access,"""Non-specific""","""""",2023-07-31T00:19:06Z,14,4e2100db04b673021d2a5ddcf0e48844,48ee2dac29ecf28d70e0ef2fee4942e4
recrSaMI0YKeXx4Tw,a5e4245f7318d63bb06c3f5a48272fec,"""journal article""",091d1cdd07f2ef86d576a4e6522b91c8,2020-01-01,OpenAlex,published,open access,"""Non-specific""","""""",2023-06-20T22:35:34Z,7,62835cccdaf9aff95517adcc137244c3,289984cef15ece61a7aa3ac698a4e7bb
recrX4LQGy4dwazY6,07d1ff6653e5d6e415ae3b696089b479,"""journal article""",f0abcf15f945bb8200f8d1ae2782d2cd,2017-01-01,OpenAlex,published,open access,"""China""","""""",2023-06-20T22:34:22Z,6,03c06516c1bb763a5506c4dee8d31515,163d3dff179c00ed8f3fa218a7960aad
recraLKMKjs5PhqVi,c12258dd984e274eae89fa91486498d9,"""journal article""",8af0701fef96c37a6f248dcf9220b823,2022-01-01,OpenAlex,published,open access,"""Bangladesh""","""""",2023-06-20T22:37:05Z,7,25abe1501c7eb4b1028c8b75d904d5fa,ce1a78153f4ec9ad210ea2cd6a0990cb
recrfmavr6l0NC6rR,5cb13173ab21c95ba3d8785a90b871ac,"""journal article""",6257ba8218db1ef982a57cab48ba5a90,2017-01-01,OpenAlex,published,open access,"""Cameroon,Gabon,Democratic Republic of the Congo,Rwanda,Tanzania,Uganda,Peru,Bolivia,Brazil,Mexico,Bangladesh,Cambodia,China,Indonesia,Malaysia,Nepal,Thailand,Vietnam,Lao People's Democratic Republic,Republic of the Congo""","""""",2023-06-20T22:34:14Z,15,d58ec2580096a39826d9ef97392df7d1,ab7979115ae25f3dffcc26cba0716caa
recrjDIGKjrQyGBGP,13b092dfcff3841cfe85a8c5cc7786fe,"""journal article""",835c38a97fab483da7170ce55e6e04ed,2022-01-01,OpenAlex,published,open access,"""Non-specific""","""""",2023-06-20T22:36:20Z,12,914759d51f7f8bed5f432d2e6d87b1f2,17a3d721179384cc6dea5d6a427742a0
recrtpssFrhoqX5et,e09653c0c793b97aa20cbaf068d7f19e,"""journal article""",8ed5ae7ec8d78e222cea52378d785dd7,2021-01-01,OpenAlex,published,open access,"""Democratic Republic of the Congo""","""""",2023-06-20T22:36:19Z,15,40a83ad6391bbc429a7b9aa2110ee5dc,17bdbf8780aadda35054af69a58f444c
recrveMPWWHf6NcVQ,782586c7da5016264f1e9747b915eafc,"""journal article""",18ac9e549cde6ea95564c2ad68383538,2020-01-01,OpenAlex,published,NA,"""Non-specific""","""""",2023-06-20T22:36:57Z,8,f2cd43d2cf67ce5133f61fd96d820717,9c7b1294ab3e50c34c3bc3270a1351dc
recsGfTebVuNRbJxx,b7860f500d2fdda5af305b145a5b5063,"""journal article""",d1a952375d8763cb8c389fb6147ea400,2020-01-01,OpenAlex,published,open access,"""Bangladesh""","""""",2023-06-20T22:36:27Z,10,64935d7606ee3be25896c57e1a08f305,bb34d5a463bc0cd5873894c1f2d42417
recsL7HPTpjSFRvVK,cfaac5cc221531dcb90ab9d576d6f05c,"""journal article""",5304dd34c18b8e37b4b6b4a5eab1602b,2022-01-01,OpenAlex,published,open access,"""Non-specific""","""""",2024-02-22T17:09:57Z,76,237c06fb250e5c2b0d9c2292fd5207ec,a9bc0357e27ba7e9a245bfe250718c65
recsN2vp09Wpzkkjk,70174dbcbeaa3fdda22a1b358aee7170,"""journal article""",ee38d375573e9451421bc5834c3357b5,2019-01-01,OpenAlex,published,open access,"""Democratic Republic of the Congo""","""""",2023-06-20T22:36:46Z,12,a9f016961ceb95385d5181533e8de38b,560ecfcce1613d12b40e1fb9380c6497
recsOvVEcI663hMQG,c43a70509ebcaead65cbcb85d7b3656a,"""journal article""",7f86745ca32a2097b49530670b144ead,2014-01-01,OpenAlex,published,NA,"""Bangladesh,Turkey,Hong Kong""","""""",2023-06-20T22:35:26Z,24,a688eb99f7127d76fd8c551ec14cedb2,349a17a035682b33af846799e92f0cd2
recsV7KDDfodBwFEZ,c1f86345bb9002db1e1b12fc8b64bcf7,"""journal article,review""",0e1bacfbd7874c1d2e75dad31160771b,2013-01-01,OpenAlex,published,NA,"""Non-specific""","""""",2023-06-20T22:34:37Z,4,dfd252e2c35218efa4915483ac22403e,28daba56f39720a7d1f2bb75a5af00ee
recsecGUHtoZUKs1g,1ffa1440d9578be44966061fc65152f2,"""journal article""",da2d2e1f595d9217d38fe1d34f7b726e,2018-01-01,OpenAlex,published,open access,"""United States""","""""",2023-06-20T22:35:06Z,7,2840d2946a4f4d2d52a07a6444477707,b24ab65ead2d9cee1198a9262c3db424
recsgK8k9YaLRpZmZ,17858425a744700f044f2045dd1bd70f,"""journal article""",24a52626eb14c707f19beaacb6108cf2,2019-01-01,OpenAlex,published,open access,"""United States""","""""",2023-06-20T22:36:05Z,8,17a44aa275db68a792f2f6c7ad3f2c3a,dc686df455a3d84e42dbd3c4f0df656e
recshp5TVH9Uizc12,bf888b8f8cd4d4be31bc11969df724ea,"""journal article""",d723c8981fa1cbec877f4edc8ed7cba1,2019-01-01,OpenAlex,published,open access,"""Republic of the Congo""","""""",2023-06-20T22:35:48Z,16,7457aefb820b189c4a12f99dd11c8409,1d1f02d53ff4511ef82629865b908ba3
recsojqaAbvWaw7LX,b02c218116d346cda86b0403ecf6e7a4,"""letter,journal article""",8a3b13c87ea59a0ce198cd9acd465e37,2018-01-01,OpenAlex,published,open access,"""China""","""""",2024-05-03T20:20:15Z,45,3c954a36744c73ffb1892dd099970e9b,0970e57f58f1c542da32bb77ad501db7
rect1n17cNwqOQy6y,f69c7e2159ec3567179161baaad3cef2,"""journal article""",5a318dff3ee702744e7fc2ee3f35a727,2020-01-01,OpenAlex,published,open access,"""South Africa""","""""",2023-06-20T22:35:27Z,11,9a74a40d1f41d6b72f506b3e13b49719,9cd977bb59ce849f4621dd831d39c3b6
rect6TcbrhyPVzXbU,45b2eec8a2b69fb4deb9585590d98bbe,"""journal article""",a712e758aea59c744331cfb31689db97,2018-01-01,OpenAlex,published,open access,"""Bangladesh""","""""",2023-06-20T22:35:33Z,10,831babf7b8d989e9d97c3dee7a4d5f58,5a08cb77a97fc41a159384cfb3c61454
rectFWQDWbkWPAWS1,fca54f9d245e10611e8f84162f683dfa,"""journal article""",78f37a87c1656f39002077abcb27ba72,2017-01-01,OpenAlex,published,open access,"""Egypt""","""""",2023-06-20T22:34:58Z,21,60300e797e08bd3221edf9f8b85a334b,991fe53b8a1e3fc2c6808604afa109f2
rectFnHDoZ1p2Ked4,abd4a797085b36ef06882b7a910a3d4a,"""journal article""",7b1b95a5847b11905c117e2b5386fc13,2021-01-01,OpenAlex,published,open access,"""Bangladesh""","""""",2023-06-20T22:35:37Z,7,7c0b658fdf3130a2eac770b5e4650601,28414ac2e02543e99511bd816800c8f0
rectQ1Mj3jQpwEar2,6dc3d12c86ecefb92950b73128cae04e,"""journal article""",5b1016efeac6b7181314f1831ef475c7,2013-01-01,OpenAlex,published,open access,"""Indonesia""","""""",2023-06-20T22:34:58Z,9,4f14ace3b4e001cf4f133142b81c618f,999a1f22c227c5885244eb93226e05e6
rectj8F4VTI5PtW3l,71e08e88c27c53bbfdf3f17b934845bd,"""journal article,review""",385a4d27b7328acb0908565c71b8e252,2018-01-01,OpenAlex,published,open access,"""Non-specific""","""""",2023-06-20T22:34:52Z,12,7457aefb820b189c4a12f99dd11c8409,1d1f02d53ff4511ef82629865b908ba3
rectqbEFdIpEyzl08,845248f9b819d809e439d470f7a5f3d2,"""journal article""",bd6e1e78d0f3de5acb434e4bf6a86330,2013-01-01,OpenAlex,published,open access,"""Non-specific""","""""",2023-06-20T22:34:24Z,7,4e2100db04b673021d2a5ddcf0e48844,48ee2dac29ecf28d70e0ef2fee4942e4
recttTMppyvh4T20L,949d3d66ddf3fc0a40881b3e7271e5f4,"""journal article""",8a91997ac8b877c843d18d7c73804b86,2011-01-01,OpenAlex,published,open access,"""Bangladesh""","""""",2023-06-20T22:35:48Z,11,7cb0a09b6f2c7da50ec9646c63b86964,1b9ab4aec283b1009f27ca32d973c5b7
recu87cSH2pFc6IJa,cc3625f51b8cb44217e30400c0fdcc84,"""journal article""",eaad8a0dbf06d82a9e33683ff52ffab6,2018-01-01,OpenAlex,published,open access,"""Philippines""","""""",2023-06-20T22:35:52Z,4,de3331870656caf556a218a1578cd25f,9f7787c55c639c3c179eb7a7aa3287c8
recuCR2Rloeh1v13L,d25ad4a2ad3b4cbd6aa2979ee2a7d6fb,"""journal article""",4f9633c3bc33ea4488119b2f28e20677,2011-01-01,OpenAlex,published,open access,"""Non-specific""","""""",2023-06-20T22:35:58Z,2,4c6484115c7c72334cb872b673435912,a3d35513180984c5a750b51d98fd1360
recuZKddYLJYdaBxf,a3dec7c262d4f419dc98cef9060508f4,"""journal article""",33a87aca75ba179ea213f1ef134e7269,2013-01-01,OpenAlex,published,open access,"""Non-specific""","""""",2023-06-20T22:35:38Z,11,4f14ace3b4e001cf4f133142b81c618f,999a1f22c227c5885244eb93226e05e6
recuaY88V6UaO8moD,a28ecb9a526d7d5553a2f2606cab70f5,"""journal article""",55a8f1ce67b228e436deb370fd062f1d,2019-01-01,OpenAlex,published,NA,"""Brazil""","""""",2023-06-20T22:37:26Z,3,cc383f37d8111c0b7dd04cddb282a9f4,02a1a69093ff57234509ca272c13f3ee
recukvp6PORxUrcWY,206c1c07ce1f498373f220f39ccde0d5,"""journal article""",0f7fe0a164529e036ea2a6dd7e451565,2011-01-01,OpenAlex,published,open access,"""Non-specific""","""""",2023-06-20T22:35:58Z,3,b92c376e29d7d4bc84843b72e83542ce,1281ee29588a22cbe23965566fbc2c26
reculXE0tVn54WM31,c3339e1a4d7847ed8591f9fd28d9cd45,"""journal article""",a91deec788c6b88d3a3100c417892f84,2014-01-01,OpenAlex,published,open access,"""Bangladesh""","""""",2023-06-20T22:35:26Z,9,d0cf380179bbb96165040b56a633243e,b21ba330275f403b134e625a981f8480
recuooV3XMDO85DOb,6337eacf490d83bc2ffc2193b30a504e,"""journal article""",b14b4c18568332a6620b1f21cd5a14a1,2021-01-01,OpenAlex,published,open access,"""Non-specific""","""AMR""",2023-06-20T22:36:50Z,16,2b210d7d89fcd1573be1f3f3dfe04d44,8e25e2afae5b4488c7c64c96c327cce0
recupYPL9yqjY7VBp,869f7ba9f6946c512c9fa045ef198c25,"""journal article""",dbde858da6426dd7f52580899888aa17,2019-01-01,OpenAlex,published,NA,"""Non-specific""","""""",2023-06-20T22:36:45Z,12,90f04e51665b16315a09553972f1e268,1f3473303abe4d4222e6267248a64094
recupi68zdfyPoLgZ,23b5224e894e75a19378d25fe79bebef,"""journal article""",5bd6bc6b5b0f5f7a7a248ac1fbc6d85e,2016-01-01,OpenAlex,published,NA,"""United States""","""""",2023-06-20T22:35:54Z,6,c09ee5a9aa1a7df55e0cbd937d3ac216,832f7bd327c685aeabc095736bb53c3c
recura2JIzVPCHV9m,d8f393d3838e4f0d39241bc35d53edcf,"""journal article""",804be51ef93cf984324ddbdff7ec1e4a,2014-01-01,OpenAlex,published,open access,"""Australia""","""""",2023-06-20T22:34:46Z,5,4f14ace3b4e001cf4f133142b81c618f,999a1f22c227c5885244eb93226e05e6
recuwxL6qRxPy01UW,e64071a8a84fe9c14fcd186abcc85274,"""journal article""",326f500757ae68c553476a237784fe31,2020-01-01,OpenAlex,published,open access,"""South Africa""","""""",2023-06-20T22:36:59Z,10,40a83ad6391bbc429a7b9aa2110ee5dc,17bdbf8780aadda35054af69a58f444c
recv1goO82D9WMPL6,03b3bb22d25cd1de3ccbbe8b23c12e90,"""journal article""",6d3bc2151b177c4e1eb5b9b7c272859e,2012-01-01,OpenAlex,published,NA,"""Non-specific""","""""",2023-06-20T22:34:36Z,7,7c0b658fdf3130a2eac770b5e4650601,28414ac2e02543e99511bd816800c8f0
recvFcqcxmeS3ZJ6o,6af0525b8b7ecdb003720405adf373f2,"""journal article""",c7478890828f3e524e9a1adbfc7f95b5,2018-01-01,OpenAlex,published,open access,"""Democratic Republic of the Congo""","""""",2023-06-20T22:34:58Z,11,c7ce65dafd8cab64f215b9255b92ea00,062ff87ed9023afef4c10741cbad29de
recw7g0624JkWMJs9,618de218e27eafcf702ebe52102281d6,"""journal article""",e6225b9a305b6b730914e6f67d49a64b,2012-01-01,OpenAlex,published,NA,"""Non-specific""","""""",2023-06-20T22:34:11Z,13,a863155064a62f4458078211c8d89e25,0207fad19bb8e88c80952fb6a32cf429
recwP9uxyCZJT5wWr,64a03d11684e33542dd942cc00440c4a,"""journal article""",33fd66ee6d3a4c20b4665f8abcff4699,2017-01-01,OpenAlex,published,NA,"""Uganda""","""""",2023-06-20T22:36:00Z,7,90f04e51665b16315a09553972f1e268,1f3473303abe4d4222e6267248a64094
recwWTyFVIpF6UjVn,5ab7e0fc280581cd712b7ce5072dad4c,"""journal article,review""",79e5ce44671aa445e7c68325d46a5613,2019-01-01,OpenAlex,published,open access,"""Non-specific""","""""",2023-06-20T22:35:14Z,9,b92c376e29d7d4bc84843b72e83542ce,1281ee29588a22cbe23965566fbc2c26
recwZltrIS8Zn1bmu,84e693117dee13d08f063ab64a904e97,"""journal article""",1e0c303183ceabc0bc5ebfea9f4cde49,2021-01-01,OpenAlex,published,open access,"""Bangladesh""","""""",2023-06-20T22:34:53Z,9,4f14ace3b4e001cf4f133142b81c618f,999a1f22c227c5885244eb93226e05e6
recwai8Q4y4sGn45g,beebcea063a0a1d5a76fe27553078045,"""journal article""",d55a3bcddeb23fd558188e1bb635871f,2021-01-01,OpenAlex,published,open access,"""Thailand""","""""",2023-06-20T22:36:28Z,25,e3ea129caaaaf7c32b3d58b087c49dbb,c7044060e1ae040809feeb6f6c2bad3c
recwcgKqXtwCJlFY2,f12cdba88d1df9ba46f7fa0de0203be1,"""journal article""",14a274a8af158024ff608fdd5d805bca,2014-01-01,OpenAlex,published,open access,"""Non-specific""","""""",2023-06-20T22:34:38Z,2,1695300bec435fb944d7885e0e36263c,045a1485d181e37dfe31f567768c0f12
recx0SuCSufjUknWB,74c404f7e900ae5bec353bd4c3516d5f,"""journal article""",5fe0735021f9f56b0eeff5e1ec7ad00c,2017-01-01,OpenAlex,published,open access,"""Australia""","""""",2023-06-20T22:35:17Z,8,4f14ace3b4e001cf4f133142b81c618f,999a1f22c227c5885244eb93226e05e6
recxAWCrCfPga11A4,1cd470e6d2d2ce7fa628c29fe116f0f5,"""journal article""",c43a7956af376658131939bb0dfcc426,2019-01-01,OpenAlex,published,NA,"""Democratic Republic of the Congo""","""""",2023-06-20T22:37:24Z,10,7445e08ee179baed1a7d1db77a861e08,1a0e1684ae1f19f64649203d5ae01cef
recxDDp2az1SZUiYU,04ff11cb09e052e1a068b46b4371e474,"""journal article""",f0ef09820cf6f5bc5ec55955fea245c4,2013-01-01,OpenAlex,published,open access,"""Mexico""","""""",2023-06-20T22:34:22Z,18,d096b80ffa93a87f6445346b670f1c64,c240828e1c35a6cc7e3bdb90d71ab383
recxDeeZGDTOkJgIF,f5fe6b0315b488657a262ebb3083ebe6,"""journal article""",2b2b54749c8819c3f17db35bddfada8f,2018-01-01,OpenAlex,published,NA,"""Philippines""","""""",2023-06-20T22:35:51Z,2,af40a5ea1a0f98b968830e67115ceb95,8f7ddea1ff21a18995b327bc5f86c29e
recxSIexvu3T4INOk,7be555bbb983e6f9bdcea99fc1f1a25c,"""journal article,review""",dfd5c0acb49b518602abc949bf66b6c5,2014-01-01,OpenAlex,published,open access,"""Non-specific""","""""",2023-06-20T22:34:16Z,2,b92c376e29d7d4bc84843b72e83542ce,1281ee29588a22cbe23965566fbc2c26
recxScd5FPQy5nmlE,fdeed303300f25c91db3a412a5d15a7f,"""journal article""",a5cecc53b731a71b98eff5f05eecd3b2,2017-01-01,OpenAlex,published,open access,"""Non-specific""","""""",2023-06-20T22:35:24Z,26,7ec7fb9ac37f43261a43418d20b79cc5,d409a223844ce86f86a0dfb26225ced4
recxW95IhBoyUjxuY,c77dc2647a7bb132192d325896bf6adf,"""journal article""",56d112e552b7613d16710e3f0fb07479,2021-01-01,OpenAlex,published,open access,"""Cote d'Ivoire,Ghana,Guinea,Guinea Bissau,Liberia,Mali,Senegal,Sierra Leone,Cameroon,Nigeria,Republic of the Congo,Gabon,Central African Republic,Democratic Republic of the Congo,Rwanda,Tanzania,Uganda,Equatorial Guinea""","""""",2023-06-20T22:36:01Z,66,237c06fb250e5c2b0d9c2292fd5207ec,a9bc0357e27ba7e9a245bfe250718c65
recxYB8HxXDxhWBvF,9b32a8be54d18d1243a9a2d60bbc8e43,"""journal article""",f5394bce93985f0f5446a0797d6d8934,2019-01-01,OpenAlex,published,open access,"""Saudi Arabia""","""""",2023-06-20T22:35:07Z,16,4f14ace3b4e001cf4f133142b81c618f,999a1f22c227c5885244eb93226e05e6
recxfh4yR3mjZ7KgQ,e683c5165ff8db2f6131a02f375a25ec,"""journal article""",a977cd82d56764f3fa046cb25bb01cfd,2015-01-01,OpenAlex,published,open access,"""Australia""","""""",2023-06-20T22:34:39Z,15,4f14ace3b4e001cf4f133142b81c618f,999a1f22c227c5885244eb93226e05e6
recxmjRQtlCLf8luX,a4cb03697ecf9e20db84ad6bddb19c31,"""journal article""",28ea33f388daa966333f483d49c0edf1,2022-01-01,OpenAlex,published,open access,"""Democratic Republic of the Congo""","""""",2024-02-22T17:30:16Z,13,b963ffeecd8f04358a969599385f969d,1e8f6e37ee92e2fa60beb815df743809
recxqqqpNl6pF96hD,da8423329400b6bd7b4c11669f791956,"""journal article""",5f9e8f34a0b12f724d74f3963650e2eb,2017-01-01,OpenAlex,published,open access,"""Bangladesh""","""""",2023-08-08T20:45:47Z,8,5c4b747e88501e0a40886f9e9e3400dd,f7aa655e2dbde6ac15524894e6f2f376
recxvtbyo7ih4FIKJ,e298977da8d79585bd8cc815b21aa0ff,"""journal article""",268d818773495124242cb2d1a2cd5b31,2013-01-01,OpenAlex,published,open access,"""Bangladesh""","""mark-recapture """,2023-06-20T22:34:13Z,21,343707fe38e402327ff978cba525c8cd,36d6737baf92a6b8b9527b938da773f7
recxz5UJSicEOH6j5,36454980c71721d4c81dcd4cfe75ffdc,"""journal article""",781336391f6731d00b81efe2a283e2ac,2017-01-01,OpenAlex,published,open access,"""Australia""","""""",2023-06-20T22:36:11Z,8,abc19d90bd9534e2b5044fad49eadd36,afbf18c450a1f553dc4796b25c7b45f4
recy35PmOU8OePx3w,42dd4554121a314382e3b3c297fc7d14,"""journal article""",c0e643dc3b007a3811a07928fae58b74,2016-01-01,OpenAlex,published,open access,"""Bangladesh""","""AMR""",2023-06-20T22:35:42Z,7,edfb597ec7fcfa7cda844fa9cb21b6d4,d237900336dc4fa6630ac12a3c049e9f
recyFXRTR8j6SrcQg,45f2c2444d28414d67bd75029b446f49,"""journal article""",850f87693d3f8dc0c77376ea61763090,2021-01-01,OpenAlex,published,open access,"""United States""","""""",2023-06-20T22:36:13Z,2,20f5d1b7fbc3007c6ccad60a9a09c1e3,c463dda16b0915c75a3a3a00428de051
recyGaEIuKGqxnvk0,3f9734e9a46f8fdad38af0a77b15d68f,"""journal article""",a66bb99d7c39864a27433598cb853080,2012-01-01,OpenAlex,published,open access,"""Non-specific""","""""",2023-06-20T22:34:11Z,9,a863155064a62f4458078211c8d89e25,0207fad19bb8e88c80952fb6a32cf429
recyQzGdSYLndrW2e,65626bc9361c05f0d6be0a019a31253f,"""journal article""",41696f0e785a5409a2d2ea1e9682d044,2015-01-01,OpenAlex,published,open access,"""Non-specific""","""""",2023-06-20T22:34:30Z,6,4e2100db04b673021d2a5ddcf0e48844,48ee2dac29ecf28d70e0ef2fee4942e4
recyf8qtLUpJlaGLt,26635e1124c9062175589d0bf85362c4,"""journal article""",1dbde52bf7ff2ba272219208a1afde59,2022-01-01,OpenAlex,published,open access,"""Democratic Republic of the Congo""","""""",2023-06-20T22:37:44Z,17,1695300bec435fb944d7885e0e36263c,045a1485d181e37dfe31f567768c0f12
recyieAqDA2yEPpUt,f0d3fb35571572e16009dbf6432c6306,"""journal article""",e496bbc70afda7e85016cfbbd4e19f49,2016-01-01,OpenAlex,published,open access,"""Bangladesh""","""""",2023-06-20T22:36:33Z,10,379c5f4cd08b98307f20d1bba0054072,05a46cb90026a7e5b89ab34d88b962ce
recyqZHpVEKKM6tm7,9d0eea4b8c410ca94964021a4d73e58d,"""journal article""",7df8101200bb9d5647fd04a76c9b0663,2021-01-01,OpenAlex,published,NA,"""Australia""","""""",2023-06-20T22:36:18Z,5,b92c376e29d7d4bc84843b72e83542ce,1281ee29588a22cbe23965566fbc2c26
recyuqGNkuz3n9RsH,16e9ead7e681798cfa8bd3c7c3054e6b,"""journal article""",a03d10830f6214de9ffa1553a4c25968,2019-01-01,OpenAlex,published,open access,"""Cambodia""","""""",2023-06-20T22:35:30Z,11,4f0b576d53d5e06bec10ce79b1ab106f,2a279b991e25b3c3892aa0fa7110e9f9
recz1Yw7vheDuYFkh,14d14898d4d8ad96e04652c685081b19,"""journal article""",8d638e47302d73d07d086447405587fc,2017-01-01,OpenAlex,published,NA,"""Tanzania""","""""",2023-06-20T22:34:48Z,12,91ca51cc035f96d0fe33df8aa5ed64e6,e0acc4fd34ff18d5719a5ad7dbd97a9b
reczO1dgEooadVxjN,9b33269e2d3d49a06654b69052bce922,"""journal article""",8913803ffc579b60cca0e34492547fc0,2015-01-01,OpenAlex,published,NA,"""Non-specific""","""""",2023-06-20T22:34:29Z,8,98ba83c7ca0654a6b0b9f20af9a08b27,53547864965ca521d0cc702f623b35aa
reczSwpFc9ZE6Fwec,e6daef252376dcc47a3fa0e1e4fe9c13,"""journal article""",d79a075689eeaedfae951520e49673f4,2013-01-01,OpenAlex,published,NA,"""United States""","""""",2023-06-20T22:35:19Z,7,2df0839c1be63aa1537a5ab45bd0b5a1,8ed574bbeed193c31c461cf2377cb66c
reczfQ5Avmy9FXjMT,3c8b9baff72fb2d90e946da05bcd4507,"""journal article""",481f1d336e4e419cb6bfd37e7ab6893d,2020-01-01,OpenAlex,published,NA,"""United States""","""""",2023-06-20T22:37:26Z,7,90f04e51665b16315a09553972f1e268,1f3473303abe4d4222e6267248a64094
reczgaTNEZAeaakOj,ecae6bbca0341e573701083457df0506,"""journal article""",93a6b018a962e1f84aa74b5caedc7f23,2021-01-01,OpenAlex,published,open access,"""Bangladesh""","""AMR""",2023-06-20T22:36:59Z,5,082c73169bf0e4b0f1f8d62ddcbeb40e,08c7245665261d8d21d573b6cc468971
reczsRwS6hwUjmnEs,f86a2beb4d6f4d17d521f6f2c924ed67,"""journal article,perspective""",50b8a6deda23309169d18f65acd9521e,2018-01-01,OpenAlex,published,open access,"""Non-specific""","""""",2023-06-20T22:34:58Z,14,cf0926f0913f8e75b914d58eab0ea1f6,178bdc5981faa45307e0524137d63d00
reczsvz0Q1tyiDvAo,d6321b0171ff9ba0775fdd7bd7b62289,"""journal article""",5e7525fb024ad8701c7c924ac76cce23,2019-01-01,OpenAlex,published,NA,"""Bangladesh""","""""",2023-06-20T22:36:34Z,6,51e37f7f73f63d7df3aaccf496e18e6d,a6072b6198246e39d5c4674a73cf181c
reczt3Odl2LBmgoH7,00d9ac524b40c7a0b51214b009ee39f5,"""journal article""",dffc2a88896c8bf0f7103f1ab21030f3,2019-01-01,OpenAlex,published,open access,"""China""","""""",2023-06-20T22:34:50Z,8,1f85a31107075cf3a276eba86af43b61,abb1500bc0a7f8011a427479106c606f
reczv4MV8ZC4Y0RJQ,5b6c32d17059210f931815c19c64716f,"""journal article""",ac9d346e7ba55b73079726ef39dc277d,2016-01-01,OpenAlex,published,open access,"""Tanzania""","""""",2023-06-20T22:36:25Z,3,4b44e40f9d4a787ee8e60effdc67b4cb,f4a63a6bbc35315e0c4da82f1bc93877
reczyVCjcrlrzGqlN,821f6348aa952baba378ec80b0910f3d,"""journal article""",08cbe9159da8215162605d0a3c48d6f1,2013-01-01,OpenAlex,published,open access,"""Malaysia,Cambodia,Vietnam""","""""",2023-06-20T22:34:59Z,9,ab11837cc63f1188e25a0aba2c07def1,851873a71c2dc192fe0c1b73ab537ab3
reczzBSadsQ27C8NN,12e509b7ac1d71576212c42ee9aa71c3,"""journal article""",020f991d2c4a2cee4465c4ae10cf330f,2022-01-01,OpenAlex,published,open access,"""Bangladesh""","""""",2023-06-20T22:37:04Z,7,082c73169bf0e4b0f1f8d62ddcbeb40e,08c7245665261d8d21d573b6cc468971
